"","company","means_of_exchange","orig_yr","orig_loc_port_modern","orig_loc_region_modern","orig_loc_lat","orig_loc_long","dest_yr","dest_loc_port","dest_loc_region","dest_loc_lat","dest_loc_long","textile_quantity","textile_unit","quant_ells","units_ells","textile_category","textile_name","textile_color_arch","textile_pattern_arch","textile_process_arch","textile_fiber_arch","textile_geography_arch","textile_quality_arch","textile_quality_inferred","value_per_piece","deb_dec","ID","orig_country","dest_country"
"1","WIC","Ship: Johanna Machteld",1710,"Texel","Netherlands",53.053921,4.79605,1711,"Loanda","Angola",-8.838333,13.234444,2000,"ps.",2000,NA,NA,"annebassen",NA,"blocks",NA,NA,NA,NA,"Inexpensive",1,1675,"WIC_1","Netherlands","Angola"
"2","WIC","Ship: Johanna Machteld",1710,"Texel","Netherlands",53.053921,4.79605,1711,"Loanda","Angola",-8.838333,13.234444,1000,"ps.",1000,NA,NA,"annebassen",NA,"blocks",NA,NA,NA,NA,"Inexpensive",1,837.25,"WIC_2","Netherlands","Angola"
"3","WIC","Ship: Johanna Machteld",1710,"Texel","Netherlands",53.053921,4.79605,1711,"Loanda","Angola",-8.838333,13.234444,2000,"ps.",2000,NA,NA,"annebassen",NA,"stripes",NA,NA,NA,NA,"Inexpensive",1,1675,"WIC_3","Netherlands","Angola"
"4","WIC","Ship: Johanna Machteld",1710,"Texel","Netherlands",53.053921,4.79605,1711,"Loanda","Angola",-8.838333,13.234444,1000,"ps.",1000,NA,NA,"annebassen",NA,"stripes",NA,NA,NA,NA,"Inexpensive",1,837.25,"WIC_4","Netherlands","Angola"
"5","WIC","Ship: Adrichem",1714,"Vlissingen","Netherlands",51.455681,3.57649,1715,"Loanda","Angola",-8.838333,13.234444,6500,"ps.",6500,NA,NA,"annebassen",NA,NA,NA,NA,NA,NA,"Inexpensive",1,5687.5,"WIC_5","Netherlands","Angola"
"6","WIC","Ship: Bosbeek",1715,"Texel","Netherlands",53.053921,4.79605,1715,"Loanda","Angola",-8.838333,13.234444,3000,"ps.",3000,NA,NA,"annebassen",NA,"blokken",NA,NA,"London",NA,"Inexpensive",1,2550,"WIC_6","Netherlands","Angola"
"7","WIC","Ship: Nieuwe Post",1715,"Texel","Netherlands",53.053921,4.79605,1715,"Loanda","Angola",-8.838333,13.234444,6000,"ps.",6000,NA,NA,"annebassen",NA,NA,NA,NA,NA,NA,"Inexpensive",1,5100,"WIC_7","Netherlands","Angola"
"8","WIC","Ship: Acredam",1714,"Texel","Netherlands",53.053921,4.79605,1715,"Ardra","Benin",6.47216,2.62652,131,"ells",131,NA,NA,"atlassen",NA,NA,NA,NA,"London",NA,"Inexpensive",2,150.65,"WIC_8","Netherlands","Benin"
"9","WIC","Ship: St Clara 2",1710,"Texel","Netherlands",53.053921,4.79605,1710,"Ouidah","Benin",6.3601,2.08266,90,"ps.",90,NA,NA,"baftas",NA,"floral",NA,NA,NA,NA,"Mid-range",8,641.75,"WIC_9","Netherlands","Benin"
"10","WIC","Ship: St Clara 2",1710,"Texel","Netherlands",53.053921,4.79605,1710,"Ouidah","Benin",6.3601,2.08266,90,"""half"" ps.",45,NA,NA,"baftas",NA,NA,NA,NA,NA,NA,"Mid-range",5,405,"WIC_10","Netherlands","Benin"
"11","WIC","Ship: Jacoba Galeij",1713,"Texel","Netherlands",53.053921,4.79605,NA,"Elmina","Ghana",5.0847,-1.35093,37,"ps.",37,NA,NA,"baftas","blue",NA,NA,NA,NA,NA,"Mid-range",5,185,"WIC_11","Netherlands","Ghana"
"12","WIC","Ship: St. Marcus",1713,"Texel","Netherlands",53.053921,4.79605,1713,"Ouidah","Benin",6.3601,2.08266,76,"ps.",76,NA,NA,"baftas","blue",NA,NA,NA,NA,NA,"Mid-range",5,380,"WIC_12","Netherlands","Benin"
"13","WIC","Ship: Koningin Hester",1713,"Vlissingen","Netherlands",51.455681,3.57649,1713,"Ouidah","Benin",6.3601,2.08266,80,"ps.",80,NA,NA,"baftas",NA,NA,NA,NA,NA,NA,"Mid-range",9,650,"WIC_13","Netherlands","Benin"
"14","WIC","Ship: Guntersteijn",1713,"Texel","Netherlands",53.053921,4.79605,1714,"Ardra","Benin",6.47216,2.62652,165,"ps.",165,NA,NA,"baftas","brown-blue",NA,NA,NA,NA,NA,"Mid-range",4,577.5,"WIC_14","Netherlands","Benin"
"15","WIC","Ship: Adrichem",1714,"Vlissingen","Netherlands",51.455681,3.57649,1715,"Loanda","Angola",-8.838333,13.234444,80,"ps.",80,NA,NA,"baftas","black",NA,NA,NA,NA,NA,"Mid-range",9,660,"WIC_15","Netherlands","Angola"
"16","WIC","Ship: Emmenes",1714,"Texel","Netherlands",53.053921,4.79605,1714,"Ouidah","Benin",6.3601,2.08266,160,"ps.",160,NA,NA,"baftas","black-blue",NA,NA,NA,NA,NA,"Mid-range",10,1600,"WIC_16","Netherlands","Benin"
"17","WIC","Ship: St Clara 2",1710,"Texel","Netherlands",53.053921,4.79605,1710,"Ouidah","Benin",6.3601,2.08266,20,"ps.",20,NA,NA,"boelangs","blue",NA,NA,NA,NA,NA,"Mid-range",6,110,"WIC_17","Netherlands","Benin"
"18","WIC","Ship: Accra",1711,"Texel","Netherlands",53.053921,4.79605,1711,"Elmina","Ghana",5.0847,-1.35093,20,"ps.",1480,NA,NA,"bontje","blue","striped",NA,"cotton","Haarlem",NA,"Expensive",29,564.25,"WIC_18","Netherlands","Ghana"
"19","WIC","Ship: Accra",1711,"Texel","Netherlands",53.053921,4.79605,1711,"Elmina","Ghana",5.0847,-1.35093,20,"ps.",759,NA,NA,"bontje",NA,NA,NA,"cotton","Haarlem",NA,"Expensive",20,384.25,"WIC_19","Netherlands","Ghana"
"20","WIC","Ship: Jacoba Galeij",1713,"Texel","Netherlands",53.053921,4.79605,NA,"Elmina","Ghana",5.0847,-1.35093,1402,"ps.",1402,NA,NA,"bontje",NA,NA,NA,NA,"Haarlem",NA,"Inexpensive",1,429.35,"WIC_20","Netherlands","Ghana"
"21","WIC","Ship: Jacoba Galeij",1713,"Texel","Netherlands",53.053921,4.79605,NA,"Elmina","Ghana",5.0847,-1.35093,3894,"ps.",3894,NA,NA,"bontje",NA,NA,NA,NA,"Haarlem",NA,"Inexpensive",1,1557.6,"WIC_21","Netherlands","Ghana"
"22","WIC","Ship: St. Marcus",1713,"Texel","Netherlands",53.053921,4.79605,1713,"Ouidah","Benin",6.3601,2.08266,2796,"ells",2796,NA,NA,"bontje",NA,NA,NA,NA,"Haarlem",NA,"Inexpensive",1,856.25,"WIC_22","Netherlands","Benin"
"23","WIC","Ship: St. Marcus",1713,"Texel","Netherlands",53.053921,4.79605,1713,"Ouidah","Benin",6.3601,2.08266,3930,"ells",3930,NA,NA,"bontje",NA,NA,NA,NA,"Haarlem",NA,"Inexpensive",1,1572,"WIC_23","Netherlands","Benin"
"24","WIC","Ship: Koningin Hester",1713,"Vlissingen","Netherlands",51.455681,3.57649,1713,"Ouidah","Benin",6.3601,2.08266,6619,"ells",6619,NA,NA,"bontje",NA,NA,NA,NA,"Haarlem",NA,"Inexpensive",1,2647.6,"WIC_24","Netherlands","Benin"
"25","WIC","Ship: Bosbeek",1713,"Texel","Netherlands",53.053921,4.79605,1713,"Elmina","Ghana",5.0847,-1.35093,4436,"ells",4436,NA,NA,"bontje",NA,NA,NA,NA,"Haarlem",NA,"Inexpensive",1,1757.3,"WIC_25","Netherlands","Ghana"
"26","WIC","Ship: Guntersteijn",1713,"Texel","Netherlands",53.053921,4.79605,1714,"Ardra","Benin",6.47216,2.62652,8190,"ells",8190,NA,NA,"bontje",NA,NA,NA,NA,"Haarlem",NA,"Inexpensive",1,3327.2,"WIC_26","Netherlands","Benin"
"27","WIC","Ship: St Clara 2",1710,"Texel","Netherlands",53.053921,4.79605,1710,"Ouidah","Benin",6.3601,2.08266,204,"ps.",204,NA,NA,"brawles",NA,NA,NA,NA,NA,NA,"Inexpensive",3,571.2,"WIC_27","Netherlands","Benin"
"28","WIC","Ship: Johanna Machteld",1710,"Texel","Netherlands",53.053921,4.79605,1711,"Loanda","Angola",-8.838333,13.234444,140,"ps.",140,NA,NA,"brawles",NA,NA,NA,NA,NA,NA,"Inexpensive",3,392,"WIC_28","Netherlands","Angola"
"29","WIC","Ship: Johanna Machteld",1710,"Texel","Netherlands",53.053921,4.79605,1711,"Loanda","Angola",-8.838333,13.234444,60,"ps.",60,NA,NA,"brawles",NA,NA,NA,NA,NA,NA,"Inexpensive",3,165,"WIC_29","Netherlands","Angola"
"30","WIC","Ship: Eva Maria 2",1712,"Vlissingen","Netherlands",51.455681,3.57649,1712,"Elmina","Ghana",5.0847,-1.35093,160,"ps.",160,NA,NA,"brawles",NA,NA,NA,NA,NA,NA,"Mid-range",4,560,"WIC_30","Netherlands","Ghana"
"31","WIC","Ship: Koningin Hester",1713,"Vlissingen","Netherlands",51.455681,3.57649,1713,"Ouidah","Benin",6.3601,2.08266,140,"ps.",140,NA,NA,"brawles",NA,NA,NA,NA,NA,NA,"Inexpensive",3,332.5,"WIC_31","Netherlands","Benin"
"32","WIC","Ship: Koningin Hester",1713,"Vlissingen","Netherlands",51.455681,3.57649,1713,"Ouidah","Benin",6.3601,2.08266,153,"ps.",153,NA,NA,"brawles",NA,NA,NA,NA,NA,NA,"Mid-range",4,497.25,"WIC_32","Netherlands","Benin"
"33","WIC","Ship: Bosbeek",1713,"Texel","Netherlands",53.053921,4.79605,1713,"Elmina","Ghana",5.0847,-1.35093,66,"ps.",66,NA,NA,"brawles",NA,NA,NA,NA,NA,NA,"Inexpensive",2,132,"WIC_33","Netherlands","Ghana"
"34","WIC","Ship: Bosbeek",1713,"Texel","Netherlands",53.053921,4.79605,1713,"Elmina","Ghana",5.0847,-1.35093,138,"ps.",138,NA,NA,"brawles",NA,NA,NA,NA,NA,NA,"Inexpensive",2,248.4,"WIC_34","Netherlands","Ghana"
"35","WIC","Ship: Apam",1714,"Vlissingen","Netherlands",51.455681,3.57649,NA,"Elmina","Ghana",5.0847,-1.35093,200,"ps.",200,NA,NA,"brawles",NA,NA,NA,NA,NA,NA,"Inexpensive",3,570,"WIC_35","Netherlands","Ghana"
"36","WIC","Ship: Jacoba Galeij",1714,"Texel","Netherlands",53.053921,4.79605,NA,"Elmina","Ghana",5.0847,-1.35093,1536,"ps.",1536,NA,NA,"brawles",NA,NA,NA,NA,NA,NA,"Inexpensive",3,3609.6,"WIC_36","Netherlands","Ghana"
"37","WIC","Ship: Adrichem",1714,"Vlissingen","Netherlands",51.455681,3.57649,1715,"Loanda","Angola",-8.838333,13.234444,250,"ps.",250,NA,NA,"brawles",NA,NA,NA,NA,NA,NA,"Mid-range",4,906.25,"WIC_37","Netherlands","Angola"
"38","WIC","Ship: Adrichem",1714,"Vlissingen","Netherlands",51.455681,3.57649,1715,"Loanda","Angola",-8.838333,13.234444,50,"ps.",50,NA,NA,"brawles",NA,NA,NA,NA,NA,NA,"Inexpensive",3,142.5,"WIC_38","Netherlands","Angola"
"39","WIC","Ship: Agatha",1714,"Vlissingen","Netherlands",51.455681,3.57649,1714,"Elmina","Ghana",5.0847,-1.35093,250,"ps.",250,NA,NA,"brawles",NA,NA,NA,NA,NA,NA,"Mid-range",4,812.5,"WIC_39","Netherlands","Ghana"
"40","WIC","Ship: Bosbeek",1715,"Texel","Netherlands",53.053921,4.79605,1715,"Loanda","Angola",-8.838333,13.234444,70,"ps.",70,NA,NA,"brawles",NA,NA,NA,NA,NA,NA,"Inexpensive",3,164.5,"WIC_40","Netherlands","Angola"
"41","WIC","Ship: Eva Maria 2",1711,"Texel","Netherlands",53.053921,4.79605,1711,"Elmina","Ghana",5.0847,-1.35093,225,"ps.",225,NA,NA,"cabajen",NA,NA,NA,NA,NA,NA,"Mid-range",4,765,"WIC_41","Netherlands","Ghana"
"42","WIC","Ship: Accra",1711,"Texel","Netherlands",53.053921,4.79605,1711,"Elmina","Ghana",5.0847,-1.35093,225,"ps.",225,NA,NA,"cabajen",NA,NA,NA,NA,NA,NA,"Mid-range",4,765,"WIC_42","Netherlands","Ghana"
"43","WIC","Ship: St. Marcus",1713,"Texel","Netherlands",53.053921,4.79605,1713,"Ouidah","Benin",6.3601,2.08266,60,"ps.",60,NA,NA,"caffa",NA,NA,NA,NA,NA,NA,"Mid-range",9,495,"WIC_43","Netherlands","Benin"
"44","WIC","Ship: St. Marcus",1713,"Texel","Netherlands",53.053921,4.79605,1713,"Ouidah","Benin",6.3601,2.08266,20,"ps.",20,NA,NA,"caffa",NA,NA,NA,NA,NA,NA,"Mid-range",8,150,"WIC_44","Netherlands","Benin"
"45","WIC","Ship: Koningin Hester",1713,"Vlissingen","Netherlands",51.455681,3.57649,1713,"Ouidah","Benin",6.3601,2.08266,24,"ps.",24,NA,NA,"caffa","white",NA,NA,NA,NA,NA,"Mid-range",8,177.6,"WIC_45","Netherlands","Benin"
"46","WIC","Ship: Koningin Hester",1713,"Vlissingen","Netherlands",51.455681,3.57649,1713,"Ouidah","Benin",6.3601,2.08266,70,"ps.",70,NA,NA,"caffa",NA,NA,NA,NA,NA,NA,"Mid-range",9,630,"WIC_46","Netherlands","Benin"
"47","WIC","Ship: Guntersteijn",1713,"Texel","Netherlands",53.053921,4.79605,1714,"Ardra","Benin",6.47216,2.62652,100,"ps.",100,NA,NA,"caffa",NA,NA,NA,NA,NA,NA,"Mid-range",9,850,"WIC_47","Netherlands","Benin"
"48","WIC","Ship: Emmenes",1714,"Texel","Netherlands",53.053921,4.79605,1714,"Ouidah","Benin",6.3601,2.08266,80,"ps.",80,NA,NA,"caffa",NA,NA,NA,NA,NA,NA,"Mid-range",9,700,"WIC_48","Netherlands","Benin"
"49","WIC","Ship: Acredam",1714,"Texel","Netherlands",53.053921,4.79605,1715,"Ardra","Benin",6.47216,2.62652,80,"ps.",80,NA,NA,"caffa",NA,NA,NA,NA,NA,NA,"Mid-range",10,760,"WIC_49","Netherlands","Benin"
"50","WIC","Ship: Johanna Machteld",1710,"Texel","Netherlands",53.053921,4.79605,1711,"Loanda","Angola",-8.838333,13.234444,20,"ps.",500,NA,NA,"chintz","blue",NA,NA,NA,NA,NA,"Expensive",14,275,"WIC_50","Netherlands","Angola"
"51","WIC","Ship: Johanna Machteld",1710,"Texel","Netherlands",53.053921,4.79605,1711,"Loanda","Angola",-8.838333,13.234444,100,"ps.",2500,NA,NA,"chintz","red",NA,NA,NA,NA,NA,"Expensive",13,1281.25,"WIC_51","Netherlands","Angola"
"52","WIC","Ship: Johanna Machteld",1710,"Texel","Netherlands",53.053921,4.79605,1711,"Loanda","Angola",-8.838333,13.234444,20,"ps.",500,NA,NA,"chintz","red",NA,NA,NA,NA,NA,"Expensive",13,256.25,"WIC_52","Netherlands","Angola"
"53","WIC","Ship: Adrichem",1711,"Vlissingen","Netherlands",51.455681,3.57649,1711,"Ouidah","Benin",6.3601,2.08266,100,"ps.",100,NA,NA,"chintz",NA,NA,NA,NA,NA,NA,"Expensive",14,1312.5,"WIC_53","Netherlands","Benin"
"54","WIC","Ship: Acredam",1712,"Texel","Netherlands",53.053921,4.79605,1713,"Ouidah","Benin",6.3601,2.08266,100,"ps.",100,NA,NA,"chintz",NA,NA,NA,NA,NA,NA,"Expensive",12,1150,"WIC_54","Netherlands","Benin"
"55","WIC","Ship: St. Marcus",1713,"Texel","Netherlands",53.053921,4.79605,1713,"Ouidah","Benin",6.3601,2.08266,75,"ps.",75,NA,NA,"chintz","red",NA,NA,NA,NA,NA,"Expensive",11,825,"WIC_55","Netherlands","Benin"
"56","WIC","Ship: Guntersteijn",1713,"Texel","Netherlands",53.053921,4.79605,1714,"Ardra","Benin",6.47216,2.62652,76,"ps.",76,NA,NA,"chintz",NA,NA,"dyed",NA,NA,NA,"Expensive",12,896.8,"WIC_56","Netherlands","Benin"
"57","WIC","Ship: Adrichem",1714,"Vlissingen","Netherlands",51.455681,3.57649,1715,"Loanda","Angola",-8.838333,13.234444,630,"ells",630,NA,NA,"chintz",NA,NA,NA,NA,"Inlandse",NA,"Inexpensive",1,330.75,"WIC_57","Netherlands","Angola"
"58","WIC","Ship: Adrichem",1714,"Vlissingen","Netherlands",51.455681,3.57649,1715,"Loanda","Angola",-8.838333,13.234444,2026,"ells",2026,NA,NA,"chintz",NA,NA,NA,NA,"Inlandse",NA,"Inexpensive",1,1114.3,"WIC_58","Netherlands","Angola"
"59","WIC","Ship: Adrichem",1714,"Vlissingen","Netherlands",51.455681,3.57649,1715,"Loanda","Angola",-8.838333,13.234444,45.75,"ps.",45.75,NA,NA,"chintz",NA,NA,NA,NA,NA,NA,"Inexpensive",1,25.15,"WIC_59","Netherlands","Angola"
"60","WIC","Ship: Acredam",1714,"Texel","Netherlands",53.053921,4.79605,1715,"Ardra","Benin",6.47216,2.62652,167,"ps.",167,NA,NA,"chintz",NA,NA,NA,NA,"Inlandse",NA,"Mid-range",7,1043.75,"WIC_60","Netherlands","Benin"
"61","WIC","Ship: Bosbeek",1715,"Texel","Netherlands",53.053921,4.79605,1715,"Loanda","Angola",-8.838333,13.234444,244.5,"ells",244.5,NA,NA,"chintz",NA,NA,NA,NA,NA,NA,"Inexpensive",1,140,"WIC_61","Netherlands","Angola"
"62","WIC","Ship: Nieuwe Post",1715,"Texel","Netherlands",53.053921,4.79605,1715,"Loanda","Angola",-8.838333,13.234444,100,"ps.",100,NA,NA,"chintz",NA,NA,NA,NA,NA,NA,"Expensive",16,1550,"WIC_62","Netherlands","Angola"
"63","WIC","Ship: St Clara 2",1710,"Texel","Netherlands",53.053921,4.79605,1710,"Ouidah","Benin",6.3601,2.08266,100,"ps.",100,NA,NA,"corroots",NA,NA,NA,NA,NA,NA,"Inexpensive",3,212.5,"WIC_63","Netherlands","Benin"
"64","WIC","Ship: Honard",1710,"Hellevoetsluis","Netherlands",51.833698,4.13838,1711,"Ouidah","Benin",6.3601,2.08266,400,"ps.",400,NA,NA,"dekens",NA,NA,NA,NA,"Leiden",NA,"Mid-range",4,1600,"WIC_64","Netherlands","Benin"
"65","WIC","Ship: Eva Maria 2",1711,"Texel","Netherlands",53.053921,4.79605,1711,"Elmina","Ghana",5.0847,-1.35093,90,"ps.",90,NA,NA,"dekens","green",NA,NA,NA,NA,NA,"Mid-range",4,319.5,"WIC_65","Netherlands","Ghana"
"66","WIC","Ship: Eva Maria 2",1711,"Texel","Netherlands",53.053921,4.79605,1711,"Elmina","Ghana",5.0847,-1.35093,45,"ps.",45,NA,NA,"dekens","red",NA,NA,NA,NA,NA,"Mid-range",4,159.75,"WIC_66","Netherlands","Ghana"
"67","WIC","Ship: Eva Maria 2",1711,"Texel","Netherlands",53.053921,4.79605,1711,"Elmina","Ghana",5.0847,-1.35093,45,"ps.",45,NA,NA,"dekens","white",NA,NA,NA,NA,NA,"Mid-range",4,159.75,"WIC_67","Netherlands","Ghana"
"68","WIC","Ship: Accra",1711,"Texel","Netherlands",53.053921,4.79605,1711,"Elmina","Ghana",5.0847,-1.35093,46,"ps.",46,NA,NA,"dekens",NA,NA,NA,NA,NA,NA,"Mid-range",5,195.5,"WIC_68","Netherlands","Ghana"
"69","WIC","Ship: Accra",1711,"Texel","Netherlands",53.053921,4.79605,1711,"Elmina","Ghana",5.0847,-1.35093,24,"ps.",24,NA,NA,"dekens",NA,NA,NA,NA,NA,NA,"Mid-range",5,102,"WIC_69","Netherlands","Ghana"
"70","WIC","Ship: Accra",1711,"Texel","Netherlands",53.053921,4.79605,1711,"Elmina","Ghana",5.0847,-1.35093,10,"ps.",10,NA,NA,"dekens",NA,NA,NA,NA,NA,NA,"Mid-range",5,42.5,"WIC_70","Netherlands","Ghana"
"71","WIC","Ship: Adrichem",1711,"Vlissingen","Netherlands",51.455681,3.57649,1711,"Ouidah","Benin",6.3601,2.08266,180,"ps.",180,NA,NA,"dekens","green",NA,NA,NA,NA,NA,"Mid-range",4,585,"WIC_71","Netherlands","Benin"
"72","WIC","Ship: Adrichem",1711,"Vlissingen","Netherlands",51.455681,3.57649,1711,"Ouidah","Benin",6.3601,2.08266,72,"ps.",72,NA,NA,"dekens","red",NA,NA,NA,NA,NA,"Mid-range",4,234,"WIC_72","Netherlands","Benin"
"73","WIC","Ship: Adrichem",1711,"Vlissingen","Netherlands",51.455681,3.57649,1711,"Ouidah","Benin",6.3601,2.08266,108,"ps.",108,NA,NA,"dekens","white",NA,NA,NA,NA,NA,"Mid-range",4,351,"WIC_73","Netherlands","Benin"
"74","WIC","Ship: St. Clara 2",1712,"Texel","Netherlands",53.053921,4.79605,1712,"Ouidah","Benin",6.3601,2.08266,64,"ps.",64,NA,NA,"dekens","green",NA,NA,NA,"Leiden",NA,"Mid-range",4,256,"WIC_74","Netherlands","Benin"
"75","WIC","Ship: St. Clara 2",1712,"Texel","Netherlands",53.053921,4.79605,1712,"Ouidah","Benin",6.3601,2.08266,64,"ps.",64,NA,NA,"dekens","green",NA,NA,NA,"Leiden",NA,"Mid-range",4,256,"WIC_75","Netherlands","Benin"
"76","WIC","Ship: St. Clara 2",1712,"Texel","Netherlands",53.053921,4.79605,1712,"Ouidah","Benin",6.3601,2.08266,232,"ps.",232,NA,NA,"dekens","white",NA,NA,NA,"Leiden",NA,"Mid-range",4,928,"WIC_76","Netherlands","Benin"
"77","WIC","Ship: Eva Maria 2",1712,"Vlissingen","Netherlands",51.455681,3.57649,1712,"Elmina","Ghana",5.0847,-1.35093,34,"ps.",34,NA,NA,"dekens",NA,NA,NA,NA,"Leiden",NA,"Mid-range",4,110.5,"WIC_77","Netherlands","Ghana"
"78","WIC","Ship: Bosbeek",1712,"Texel","Netherlands",53.053921,4.79605,NA,"Elmina","Ghana",5.0847,-1.35093,20,"ps.",20,NA,NA,"dekens","green",NA,NA,NA,"Leiden",NA,"Mid-range",5,90,"WIC_78","Netherlands","Ghana"
"79","WIC","Ship: Bosbeek",1712,"Texel","Netherlands",53.053921,4.79605,NA,"Elmina","Ghana",5.0847,-1.35093,10,"ps.",10,NA,NA,"dekens","red",NA,NA,NA,"Leiden",NA,"Mid-range",5,45,"WIC_79","Netherlands","Ghana"
"80","WIC","Ship: Bosbeek",1712,"Texel","Netherlands",53.053921,4.79605,NA,"Elmina","Ghana",5.0847,-1.35093,10,"ps.",10,NA,NA,"dekens","white",NA,NA,NA,"Leiden",NA,"Mid-range",5,45,"WIC_80","Netherlands","Ghana"
"81","WIC","Ship: Africaanse Galeij",1713,"Texel","Netherlands",53.053921,4.79605,NA,"Elmina","Ghana",5.0847,-1.35093,62,"ps",62,NA,NA,"dekens",NA,NA,NA,NA,"Leiden",NA,"Mid-range",4,198.4,"WIC_81","Netherlands","Ghana"
"82","WIC","Ship: Africaanse Galeij",1713,"Texel","Netherlands",53.053921,4.79605,NA,"Elmina","Ghana",5.0847,-1.35093,21,"ps.",21,NA,NA,"dekens",NA,NA,NA,NA,"Leiden",NA,"Mid-range",4,67.2,"WIC_82","Netherlands","Ghana"
"83","WIC","Ship: Jacoba Galeij",1713,"Texel","Netherlands",53.053921,4.79605,NA,"Elmina","Ghana",5.0847,-1.35093,62,"ps.",62,NA,NA,"dekens","green",NA,NA,NA,NA,NA,"Mid-range",4,198.4,"WIC_83","Netherlands","Ghana"
"84","WIC","Ship: Jacoba Galeij",1713,"Texel","Netherlands",53.053921,4.79605,NA,"Elmina","Ghana",5.0847,-1.35093,21,"ps.",21,NA,NA,"dekens","white",NA,NA,NA,NA,NA,"Mid-range",4,67.2,"WIC_84","Netherlands","Ghana"
"85","WIC","Ship: St. Marcus",1713,"Texel","Netherlands",53.053921,4.79605,1713,"Ouidah","Benin",6.3601,2.08266,125,"ps.",125,NA,NA,"dekens","green",NA,NA,NA,"Leiden",NA,"Mid-range",5,531.2,"WIC_85","Netherlands","Benin"
"86","WIC","Ship: Koningin Hester",1713,"Vlissingen","Netherlands",51.455681,3.57649,1713,"Ouidah","Benin",6.3601,2.08266,135,"ps.",135,NA,NA,"dekens","green",NA,NA,NA,"Leiden",NA,"Mid-range",4,438.75,"WIC_86","Netherlands","Benin"
"87","WIC","Ship: Koningin Hester",1713,"Vlissingen","Netherlands",51.455681,3.57649,1713,"Ouidah","Benin",6.3601,2.08266,32,"ps.",32,NA,NA,"dekens","white",NA,NA,NA,"Leiden",NA,"Mid-range",4,104,"WIC_87","Netherlands","Benin"
"88","WIC","Ship: Bosbeek",1713,"Texel","Netherlands",53.053921,4.79605,1713,"Elmina","Ghana",5.0847,-1.35093,83,"ps.",83,NA,NA,"dekens",NA,NA,NA,NA,"Leiden",NA,"Mid-range",4,269.75,"WIC_88","Netherlands","Ghana"
"89","WIC","Ship: Guntersteijn",1713,"Texel","Netherlands",53.053921,4.79605,1714,"Ardra","Benin",6.47216,2.62652,125,"ps.",125,NA,NA,"dekens","green",NA,NA,NA,"Leiden",NA,"Mid-range",4,406.25,"WIC_89","Netherlands","Benin"
"90","WIC","Ship: Guntersteijn",1713,"Texel","Netherlands",53.053921,4.79605,1714,"Ardra","Benin",6.47216,2.62652,42,"ps.",42,NA,NA,"dekens","white",NA,NA,NA,"Leiden",NA,"Mid-range",4,136.5,"WIC_90","Netherlands","Benin"
"91","WIC","Ship: Jacoba Galeij",1714,"Texel","Netherlands",53.053921,4.79605,NA,"Elmina","Ghana",5.0847,-1.35093,60,"ps.",60,NA,NA,"dekens","green",NA,NA,NA,"Leiden",NA,"Mid-range",4,195,"WIC_91","Netherlands","Ghana"
"92","WIC","Ship: Jacoba Galeij",1714,"Texel","Netherlands",53.053921,4.79605,NA,"Elmina","Ghana",5.0847,-1.35093,20,"ps.",20,NA,NA,"dekens","white",NA,NA,NA,"Leiden",NA,"Mid-range",4,65,"WIC_92","Netherlands","Ghana"
"93","WIC","Ship: Adrichem",1714,"Vlissingen","Netherlands",51.455681,3.57649,1715,"Loanda","Angola",-8.838333,13.234444,394,"ps.",394,NA,NA,"dekens","green",NA,NA,NA,NA,NA,"Inexpensive",2,519,"WIC_93","Netherlands","Angola"
"94","WIC","Ship: Adrichem",1714,"Vlissingen","Netherlands",51.455681,3.57649,1715,"Loanda","Angola",-8.838333,13.234444,54,"ps.",54,NA,NA,"dekens","white",NA,NA,NA,NA,NA,"Mid-range",4,174,"WIC_94","Netherlands","Angola"
"95","WIC","Ship: Emmenes",1714,"Texel","Netherlands",53.053921,4.79605,1714,"Ouidah","Benin",6.3601,2.08266,105,"ps",105,NA,NA,"dekens","green",NA,NA,NA,"Leiden",NA,"Mid-range",4,341.25,"WIC_95","Netherlands","Benin"
"96","WIC","Ship: Emmenes",1714,"Texel","Netherlands",53.053921,4.79605,1714,"Ouidah","Benin",6.3601,2.08266,35,"ps.",35,NA,NA,"dekens","white",NA,NA,NA,"Leiden",NA,"Mid-range",4,113.75,"WIC_96","Netherlands","Benin"
"97","WIC","Ship: Acredam",1712,"Texel","Netherlands",53.053921,4.79605,1713,"Ouidah","Benin",6.3601,2.08266,100,"ps.",100,NA,NA,"graaties","white",NA,NA,NA,NA,NA,"Mid-range",7,625,"WIC_97","Netherlands","Benin"
"98","WIC","Ship: St. Marcus",1713,"Texel","Netherlands",53.053921,4.79605,1713,"Ouidah","Benin",6.3601,2.08266,100,"ps.",100,NA,NA,"graaties",NA,NA,NA,NA,NA,NA,"Mid-range",6,600,"WIC_98","Netherlands","Benin"
"99","WIC","Ship: Koningin Hester",1713,"Vlissingen","Netherlands",51.455681,3.57649,1713,"Ouidah","Benin",6.3601,2.08266,234,"ps.",234,NA,NA,"graaties","white",NA,NA,NA,NA,NA,"Mid-range",7,1521,"WIC_99","Netherlands","Benin"
"100","WIC","Ship: Emmenes",1714,"Texel","Netherlands",53.053921,4.79605,1714,"Ouidah","Benin",6.3601,2.08266,138,"ps.",138,NA,NA,"graaties","white",NA,NA,NA,NA,NA,"Mid-range",7,966,"WIC_100","Netherlands","Benin"
"101","WIC","Ship: Emmenes",1714,"Texel","Netherlands",53.053921,4.79605,1714,"Ouidah","Benin",6.3601,2.08266,20,"ps.",20,NA,NA,"graaties","white",NA,NA,NA,NA,NA,"Mid-range",7,135,"WIC_101","Netherlands","Benin"
"102","WIC","Ship: Acredam",1714,"Texel","Netherlands",53.053921,4.79605,1715,"Ardra","Benin",6.47216,2.62652,43,"ps.",43,NA,NA,"graaties",NA,NA,NA,NA,NA,NA,"Mid-range",8,344,"WIC_102","Netherlands","Benin"
"103","WIC","Ship: St Clara 2",1710,"Texel","Netherlands",53.053921,4.79605,1710,"Ouidah","Benin",6.3601,2.08266,100,"ps.",100,NA,NA,"guinees","blue",NA,NA,NA,NA,NA,"Expensive",20,2000,"WIC_103","Netherlands","Benin"
"104","WIC","Ship: Johanna Machteld",1710,"Texel","Netherlands",53.053921,4.79605,1711,"Loanda","Angola",-8.838333,13.234444,100,"""half"" pieces",50,NA,NA,"guinees","blue",NA,NA,NA,NA,NA,"Inexpensive",1,15,"WIC_104","Netherlands","Angola"
"105","WIC","Ship: Johanna Machteld",1710,"Texel","Netherlands",53.053921,4.79605,1711,"Loanda","Angola",-8.838333,13.234444,800,"""half"" pieces",400,NA,NA,"guinees","brown-blue",NA,NA,NA,NA,NA,"Mid-range",10,7750,"WIC_105","Netherlands","Angola"
"106","WIC","Ship: Eva Maria 2",1712,"Vlissingen","Netherlands",51.455681,3.57649,1712,"Elmina","Ghana",5.0847,-1.35093,166,"half ps.",83,NA,NA,"guinees","blue",NA,NA,NA,NA,NA,"Expensive",11,1759.6,"WIC_106","Netherlands","Ghana"
"107","WIC","Ship: Bosbeek",1712,"Texel","Netherlands",53.053921,4.79605,NA,"Elmina","Ghana",5.0847,-1.35093,164,"half ps.",82,NA,NA,"guinees","blue",NA,NA,NA,NA,NA,"Mid-range",10,1640,"WIC_107","Netherlands","Ghana"
"108","WIC","Ship: Koningin Hester",1713,"Vlissingen","Netherlands",51.455681,3.57649,1713,"Ouidah","Benin",6.3601,2.08266,50,"ps.",50,NA,NA,"guinees","white",NA,NA,NA,NA,NA,"Expensive",18,881.25,"WIC_108","Netherlands","Benin"
"109","WIC","Ship: Apam",1714,"Vlissingen","Netherlands",51.455681,3.57649,NA,"Elmina","Ghana",5.0847,-1.35093,40,"ps.",40,NA,NA,"guinees","brown-blue",NA,NA,NA,NA,NA,"Expensive",25,975,"WIC_109","Netherlands","Ghana"
"110","WIC","Ship: Jacoba Galeij",1714,"Texel","Netherlands",53.053921,4.79605,NA,"Elmina","Ghana",5.0847,-1.35093,140,"ps.",140,NA,NA,"guinees","brown-blue",NA,NA,NA,NA,NA,"Expensive",25,3500,"WIC_110","Netherlands","Ghana"
"111","WIC","Ship: Adrichem",1714,"Vlissingen","Netherlands",51.455681,3.57649,1715,"Loanda","Angola",-8.838333,13.234444,80,"ps.",80,NA,NA,"guinees","blue",NA,NA,NA,NA,NA,"Expensive",25,1940,"WIC_111","Netherlands","Angola"
"112","WIC","Ship: Adrichem",1714,"Vlissingen","Netherlands",51.455681,3.57649,1715,"Loanda","Angola",-8.838333,13.234444,420,"ps.",420,NA,NA,"guinees","brown-blue",NA,NA,NA,NA,NA,"Expensive",25,10185,"WIC_112","Netherlands","Angola"
"113","WIC","Ship: Emmenes",1714,"Texel","Netherlands",53.053921,4.79605,1714,"Ouidah","Benin",6.3601,2.08266,200,"ps.",200,NA,NA,"guinees","brown-blue",NA,NA,NA,NA,NA,"Expensive",25,4900,"WIC_113","Netherlands","Benin"
"114","WIC","Ship: Bosbeek",1715,"Texel","Netherlands",53.053921,4.79605,1715,"Loanda","Angola",-8.838333,13.234444,200,"half ps.",100,NA,NA,"guinees",NA,NA,NA,NA,"Inlandse",NA,"Expensive",15,2920,"WIC_114","Netherlands","Angola"
"115","WIC","Ship: Nieuwe Post",1715,"Texel","Netherlands",53.053921,4.79605,1715,"Loanda","Angola",-8.838333,13.234444,420,"ps.",420,NA,NA,"guinees","blue",NA,NA,NA,NA,NA,"Expensive",31,13020,"WIC_115","Netherlands","Angola"
"116","WIC","Ship: Nieuwe Post",1715,"Texel","Netherlands",53.053921,4.79605,1715,"Loanda","Angola",-8.838333,13.234444,100,"ps.",100,NA,NA,"guinees",NA,NA,NA,NA,NA,NA,"Inexpensive",3,220,"WIC_116","Netherlands","Angola"
"117","WIC","Ship: St Clara 2",1710,"Texel","Netherlands",53.053921,4.79605,1710,"Ouidah","Benin",6.3601,2.08266,180,"ps.",180,NA,NA,"kannekyns",NA,NA,NA,NA,NA,NA,"Inexpensive",2,324,"WIC_117","Netherlands","Benin"
"118","WIC","Ship: Johanna Machteld",1710,"Texel","Netherlands",53.053921,4.79605,1711,"Loanda","Angola",-8.838333,13.234444,80,"ells",80,NA,NA,"laken","blue",NA,NA,NA,NA,NA,"Mid-range",4,320,"WIC_118","Netherlands","Angola"
"119","WIC","Ship: Johanna Machteld",1710,"Texel","Netherlands",53.053921,4.79605,1711,"Loanda","Angola",-8.838333,13.234444,74,"ells",74,NA,NA,"laken","red",NA,NA,NA,NA,NA,"Mid-range",5,315,"WIC_119","Netherlands","Angola"
"120","WIC","Ship: Adrichem",1711,"Vlissingen","Netherlands",51.455681,3.57649,1711,"Ouidah","Benin",6.3601,2.08266,100,"elles",100,NA,NA,"laken","blue",NA,NA,NA,NA,NA,"Mid-range",4,390,"WIC_120","Netherlands","Benin"
"121","WIC","Ship: Adrichem",1711,"Vlissingen","Netherlands",51.455681,3.57649,1711,"Ouidah","Benin",6.3601,2.08266,168,"elles",168,NA,NA,"laken","scarlet",NA,NA,NA,NA,NA,"Mid-range",5,756,"WIC_121","Netherlands","Benin"
"122","WIC","Ship: Adrichem",1711,"Vlissingen","Netherlands",51.455681,3.57649,1711,"Ouidah","Benin",6.3601,2.08266,58,"ells",58,NA,NA,"laken","scarlet",NA,NA,NA,NA,NA,"Mid-range",5,261,"WIC_122","Netherlands","Benin"
"123","WIC","Ship: St. Clara 2",1712,"Texel","Netherlands",53.053921,4.79605,1712,"Ouidah","Benin",6.3601,2.08266,51,"ell",51,NA,NA,"laken","blue",NA,NA,NA,NA,NA,"Mid-range",6,306,"WIC_123","Netherlands","Benin"
"124","WIC","Ship: St. Clara 2",1712,"Texel","Netherlands",53.053921,4.79605,1712,"Ouidah","Benin",6.3601,2.08266,100.5,"ell",100.5,NA,NA,"laken","red",NA,NA,NA,NA,NA,"Mid-range",6,603,"WIC_124","Netherlands","Benin"
"125","WIC","Ship: Bosbeek",1712,"Texel","Netherlands",53.053921,4.79605,NA,"Elmina","Ghana",5.0847,-1.35093,8,"ell",8,NA,NA,"laken","blue",NA,NA,NA,NA,NA,"Mid-range",4,31.2,"WIC_125","Netherlands","Ghana"
"126","WIC","Ship: Bosbeek",1712,"Texel","Netherlands",53.053921,4.79605,NA,"Elmina","Ghana",5.0847,-1.35093,18,"ell",18,NA,NA,"laken","red",NA,NA,NA,NA,NA,"Mid-range",5,90,"WIC_126","Netherlands","Ghana"
"127","WIC","Ship: Acredam",1712,"Texel","Netherlands",53.053921,4.79605,1713,"Ouidah","Benin",6.3601,2.08266,55.75,"ps.",55.75,NA,NA,"laken","scarlet",NA,NA,NA,NA,NA,"Mid-range",6,298.25,"WIC_127","Netherlands","Benin"
"128","WIC","Ship: Adrichem",1714,"Vlissingen","Netherlands",51.455681,3.57649,1715,"Loanda","Angola",-8.838333,13.234444,97.5,"ells",97.5,NA,NA,"laken","blue",NA,NA,NA,NA,NA,"Mid-range",5,468,"WIC_128","Netherlands","Angola"
"129","WIC","Ship: Adrichem",1714,"Vlissingen","Netherlands",51.455681,3.57649,1715,"Loanda","Angola",-8.838333,13.234444,47,"ells",47,NA,NA,"laken","scarlet",NA,NA,NA,NA,NA,"Mid-range",6,258.5,"WIC_129","Netherlands","Angola"
"130","WIC","Ship: Nieuwe Post",1715,"Texel","Netherlands",53.053921,4.79605,1715,"Loanda","Angola",-8.838333,13.234444,148,"ps.",148,NA,NA,"laken",NA,NA,NA,NA,NA,NA,"Mid-range",7,965.25,"WIC_130","Netherlands","Angola"
"131","WIC","Ship: Johanna Machteld",1710,"Texel","Netherlands",53.053921,4.79605,1711,"Loanda","Angola",-8.838333,13.234444,100,"ps.",2500,NA,NA,"lhymenias","blue",NA,NA,NA,NA,NA,"Expensive",14,1375,"WIC_131","Netherlands","Angola"
"132","WIC","Ship: Africaanse Galeij",1713,"Texel","Netherlands",53.053921,4.79605,NA,"Elmina","Ghana",5.0847,-1.35093,50,"ps.",50,NA,NA,"lhymenias",NA,NA,NA,NA,NA,NA,"Expensive",13,631.25,"WIC_132","Netherlands","Ghana"
"133","WIC","Ship: Jacoba Galeij",1713,"Texel","Netherlands",53.053921,4.79605,NA,"Elmina","Ghana",5.0847,-1.35093,50,"ps.",50,NA,NA,"lhymenias",NA,NA,NA,NA,NA,NA,"Expensive",13,631.25,"WIC_133","Netherlands","Ghana"
"134","WIC","Ship: St. Marcus",1713,"Texel","Netherlands",53.053921,4.79605,1713,"Ouidah","Benin",6.3601,2.08266,100,"ps.",100,NA,NA,"lhymenias",NA,NA,NA,NA,NA,NA,"Expensive",13,1262.5,"WIC_134","Netherlands","Benin"
"135","WIC","Ship: St. Marcus",1713,"Texel","Netherlands",53.053921,4.79605,1713,"Ouidah","Benin",6.3601,2.08266,25,"ps.",25,NA,NA,"lhymenias",NA,NA,NA,NA,NA,NA,"Expensive",13,315.625,"WIC_135","Netherlands","Benin"
"136","WIC","Ship: Guntersteijn",1713,"Texel","Netherlands",53.053921,4.79605,1714,"Ardra","Benin",6.47216,2.62652,76,"ps.",76,NA,NA,"lhymenias",NA,NA,"stamped",NA,NA,NA,"Expensive",13,944.8,"WIC_136","Netherlands","Benin"
"137","WIC","Ship: Guntersteijn",1713,"Texel","Netherlands",53.053921,4.79605,1714,"Ardra","Benin",6.47216,2.62652,262,"schok",262,NA,NA,"lhymenias",NA,NA,NA,NA,NA,NA,"Expensive",12,3078.5,"WIC_137","Netherlands","Benin"
"138","WIC","Ship: Guntersteijn",1713,"Texel","Netherlands",53.053921,4.79605,1714,"Ardra","Benin",6.47216,2.62652,132,"schok",132,NA,NA,"lhymenias",NA,NA,NA,NA,NA,NA,"Expensive",14,1815,"WIC_138","Netherlands","Benin"
"139","WIC","Ship: Guntersteijn",1713,"Texel","Netherlands",53.053921,4.79605,1714,"Ardra","Benin",6.47216,2.62652,85.5,"schok",85.5,NA,NA,"lhymenias",NA,NA,NA,NA,NA,NA,"Expensive",11,940.5,"WIC_139","Netherlands","Benin"
"140","WIC","Ship: Guntersteijn",1713,"Texel","Netherlands",53.053921,4.79605,1714,"Ardra","Benin",6.47216,2.62652,80,"ps.",80,NA,NA,"lhymenias",NA,NA,NA,NA,NA,NA,"Expensive",13,984,"WIC_140","Netherlands","Benin"
"141","WIC","Ship: Adrichem",1714,"Vlissingen","Netherlands",51.455681,3.57649,1715,"Loanda","Angola",-8.838333,13.234444,2621.5,"ells",2621.5,NA,NA,"lhymenias",NA,NA,NA,NA,NA,NA,"Inexpensive",1,1409.05,"WIC_141","Netherlands","Angola"
"142","WIC","Ship: Acredam",1714,"Texel","Netherlands",53.053921,4.79605,1715,"Ardra","Benin",6.47216,2.62652,83,"ps.",83,NA,NA,"lhymenias",NA,NA,NA,NA,NA,NA,"Mid-range",7,518.75,"WIC_142","Netherlands","Benin"
"143","WIC","Ship: Bosbeek",1715,"Texel","Netherlands",53.053921,4.79605,1715,"Loanda","Angola",-8.838333,13.234444,1247,"ells",1247,NA,NA,"lhymenias",NA,NA,NA,NA,NA,NA,"Inexpensive",1,717,"WIC_143","Netherlands","Angola"
"144","WIC","Ship: Nieuwe Post",1715,"Texel","Netherlands",53.053921,4.79605,1715,"Loanda","Angola",-8.838333,13.234444,100,"ps.",100,NA,NA,"lhymenias",NA,NA,NA,NA,NA,NA,"Expensive",14,1400,"WIC_144","Netherlands","Angola"
"145","WIC","Ship: St Clara 2",1710,"Texel","Netherlands",53.053921,4.79605,1710,"Ouidah","Benin",6.3601,2.08266,60,"ps.",60,NA,NA,"nicanees",NA,NA,NA,NA,NA,"fine","Mid-range",7,390,"WIC_145","Netherlands","Benin"
"146","WIC","Ship: Johanna Machteld",1710,"Texel","Netherlands",53.053921,4.79605,1711,"Loanda","Angola",-8.838333,13.234444,60,"ps.",60,NA,NA,"nicanees",NA,NA,NA,NA,NA,"fine","Mid-range",7,382.5,"WIC_146","Netherlands","Angola"
"147","WIC","Ship: Eva Maria 2",1711,"Texel","Netherlands",53.053921,4.79605,1711,"Elmina","Ghana",5.0847,-1.35093,330,"ps.",330,NA,NA,"nicanees",NA,NA,NA,NA,NA,"fine","Mid-range",8,2458.5,"WIC_147","Netherlands","Ghana"
"148","WIC","Ship: Eva Maria 2",1711,"Texel","Netherlands",53.053921,4.79605,1711,"Elmina","Ghana",5.0847,-1.35093,64,"ps.",64,NA,NA,"nicanees",NA,NA,NA,NA,NA,NA,"Mid-range",8,496,"WIC_148","Netherlands","Ghana"
"149","WIC","Ship: Eva Maria 2",1711,"Texel","Netherlands",53.053921,4.79605,1711,"Elmina","Ghana",5.0847,-1.35093,161,"ps.",161,NA,NA,"nicanees",NA,NA,NA,NA,NA,NA,"Mid-range",8,1247.75,"WIC_149","Netherlands","Ghana"
"150","WIC","Ship: Adrichem",1711,"Vlissingen","Netherlands",51.455681,3.57649,1711,"Ouidah","Benin",6.3601,2.08266,261,"ps.",261,NA,NA,"nicanees",NA,NA,NA,NA,NA,"fine","Mid-range",6,1552.95,"WIC_150","Netherlands","Benin"
"151","WIC","Ship: Adrichem",1711,"Vlissingen","Netherlands",51.455681,3.57649,1711,"Ouidah","Benin",6.3601,2.08266,450,"ps.",450,NA,NA,"nicanees",NA,NA,NA,NA,NA,NA,"Mid-range",8,3307.5,"WIC_151","Netherlands","Benin"
"152","WIC","Ship: St. Clara 2",1712,"Texel","Netherlands",53.053921,4.79605,1712,"Ouidah","Benin",6.3601,2.08266,450,"ps.",450,NA,NA,"nicanees",NA,NA,NA,NA,NA,NA,"Mid-range",7,3150,"WIC_152","Netherlands","Benin"
"153","WIC","Ship: St. Clara 2",1712,"Texel","Netherlands",53.053921,4.79605,1712,"Ouidah","Benin",6.3601,2.08266,660,"ps.",660,NA,NA,"nicanees",NA,NA,NA,NA,NA,NA,"Mid-range",7,4042.5,"WIC_153","Netherlands","Benin"
"154","WIC","Ship: Eva Maria 2",1712,"Vlissingen","Netherlands",51.455681,3.57649,1712,"Elmina","Ghana",5.0847,-1.35093,166,"ps.",166,NA,NA,"nicanees",NA,NA,NA,NA,NA,"fine","Mid-range",7,1058.25,"WIC_154","Netherlands","Ghana"
"155","WIC","Ship: Eva Maria 2",1712,"Vlissingen","Netherlands",51.455681,3.57649,1712,"Elmina","Ghana",5.0847,-1.35093,84,"ps.",84,NA,NA,"nicanees",NA,NA,NA,NA,NA,NA,"Mid-range",8,651,"WIC_155","Netherlands","Ghana"
"156","WIC","Ship: Bosbeek",1712,"Texel","Netherlands",53.053921,4.79605,NA,"Elmina","Ghana",5.0847,-1.35093,86,"ps.",86,NA,NA,"nicanees",NA,NA,NA,NA,NA,NA,"Mid-range",7,537.5,"WIC_156","Netherlands","Ghana"
"157","WIC","Ship: Bosbeek",1712,"Texel","Netherlands",53.053921,4.79605,NA,"Elmina","Ghana",5.0847,-1.35093,180,"ps.",180,NA,NA,"nicanees",NA,NA,NA,NA,NA,NA,"Mid-range",5,810,"WIC_157","Netherlands","Ghana"
"158","WIC","Ship: Acredam",1712,"Texel","Netherlands",53.053921,4.79605,1713,"Ouidah","Benin",6.3601,2.08266,378,"ps.",378,NA,NA,"nicanees",NA,NA,NA,NA,NA,NA,"Mid-range",8,2757.25,"WIC_158","Netherlands","Benin"
"159","WIC","Ship: Acredam",1712,"Texel","Netherlands",53.053921,4.79605,1713,"Ouidah","Benin",6.3601,2.08266,480,"ps.",480,NA,NA,"nicanees",NA,NA,NA,NA,NA,NA,"Mid-range",5,2130,"WIC_159","Netherlands","Benin"
"160","WIC","Ship: Acredam",1712,"Texel","Netherlands",53.053921,4.79605,1713,"Ouidah","Benin",6.3601,2.08266,120,"ps.",120,NA,NA,"nicanees",NA,NA,NA,NA,NA,NA,"Mid-range",4,420,"WIC_160","Netherlands","Benin"
"161","WIC","Ship: Africaanse Galeij",1713,"Texel","Netherlands",53.053921,4.79605,NA,"Elmina","Ghana",5.0847,-1.35093,449,"ps.",449,NA,NA,"nicanees","brown-blue",NA,NA,NA,NA,"fine","Mid-range",7,2862.375,"WIC_161","Netherlands","Ghana"
"162","WIC","Ship: Africaanse Galeij",1713,"Texel","Netherlands",53.053921,4.79605,NA,"Elmina","Ghana",5.0847,-1.35093,110,"ps.",110,NA,NA,"nicanees","brown-blue",NA,NA,NA,NA,NA,"Mid-range",4,344.375,"WIC_162","Netherlands","Ghana"
"163","WIC","Ship: Africaanse Galeij",1713,"Texel","Netherlands",53.053921,4.79605,NA,"Elmina","Ghana",5.0847,-1.35093,84,"ps.",84,NA,NA,"nicanees","brown-blue",NA,NA,NA,NA,NA,"Mid-range",7,588,"WIC_163","Netherlands","Ghana"
"164","WIC","Ship: Africaanse Galeij",1713,"Texel","Netherlands",53.053921,4.79605,NA,"Elmina","Ghana",5.0847,-1.35093,37,"ps.",37,NA,NA,"nicanees","brown-blue",NA,NA,NA,NA,NA,"Mid-range",5,185,"WIC_164","Netherlands","Ghana"
"165","WIC","Ship: Africaanse Galeij",1713,"Texel","Netherlands",53.053921,4.79605,NA,"Elmina","Ghana",5.0847,-1.35093,83,"ps.",83,NA,NA,"nicanees","brown-blue",NA,NA,NA,NA,NA,"Mid-range",9,695.125,"WIC_165","Netherlands","Ghana"
"166","WIC","Ship: Jacoba Galeij",1713,"Texel","Netherlands",53.053921,4.79605,NA,"Elmina","Ghana",5.0847,-1.35093,140,"ps.",140,NA,NA,"nicanees",NA,NA,NA,NA,NA,"coarse","Mid-range",4,472.503125,"WIC_166","Netherlands","Ghana"
"167","WIC","Ship: Jacoba Galeij",1713,"Texel","Netherlands",53.053921,4.79605,NA,"Elmina","Ghana",5.0847,-1.35093,84,"ps.",84,NA,NA,"nicanees",NA,NA,NA,NA,NA,"fine","Mid-range",6,466.2,"WIC_167","Netherlands","Ghana"
"168","WIC","Ship: Jacoba Galeij",1713,"Texel","Netherlands",53.053921,4.79605,NA,"Elmina","Ghana",5.0847,-1.35093,270,"ps.",270,NA,NA,"nicanees",NA,NA,NA,NA,NA,"fine","Mid-range",6,1566,"WIC_168","Netherlands","Ghana"
"169","WIC","Ship: Jacoba Galeij",1713,"Texel","Netherlands",53.053921,4.79605,NA,"Elmina","Ghana",5.0847,-1.35093,90,"ps.",90,NA,NA,"nicanees",NA,NA,NA,NA,NA,NA,"Mid-range",9,753.75,"WIC_169","Netherlands","Ghana"
"170","WIC","Ship: St. Marcus",1713,"Texel","Netherlands",53.053921,4.79605,1713,"Ouidah","Benin",6.3601,2.08266,225,"ps.",225,NA,NA,"nicanees",NA,NA,NA,NA,"Holland","coarse","Mid-range",4,843.75,"WIC_170","Netherlands","Benin"
"171","WIC","Ship: St. Marcus",1713,"Texel","Netherlands",53.053921,4.79605,1713,"Ouidah","Benin",6.3601,2.08266,200,"ps.",200,NA,NA,"nicanees",NA,NA,NA,NA,"English","fine","Mid-range",7,1250,"WIC_171","Netherlands","Benin"
"172","WIC","Ship: St. Marcus",1713,"Texel","Netherlands",53.053921,4.79605,1713,"Ouidah","Benin",6.3601,2.08266,364,"ps.",364,NA,NA,"nicanees",NA,NA,NA,NA,"English","fine","Mid-range",6,1911,"WIC_172","Netherlands","Benin"
"173","WIC","Ship: St. Marcus",1713,"Texel","Netherlands",53.053921,4.79605,1713,"Ouidah","Benin",6.3601,2.08266,320,"ps.",320,NA,NA,"nicanees",NA,NA,NA,NA,"Holland","fine","Mid-range",7,2000,"WIC_173","Netherlands","Benin"
"174","WIC","Ship: St. Marcus",1713,"Texel","Netherlands",53.053921,4.79605,1713,"Ouidah","Benin",6.3601,2.08266,283,"ps.",283,NA,NA,"nicanees",NA,NA,NA,NA,"English",NA,"Mid-range",6,1485.75,"WIC_174","Netherlands","Benin"
"175","WIC","Ship: St. Marcus",1713,"Texel","Netherlands",53.053921,4.79605,1713,"Ouidah","Benin",6.3601,2.08266,132,"ps.",132,NA,NA,"nicanees",NA,NA,NA,NA,"Holland",NA,"Mid-range",8,957,"WIC_175","Netherlands","Benin"
"176","WIC","Ship: Koningin Hester",1713,"Vlissingen","Netherlands",51.455681,3.57649,1713,"Ouidah","Benin",6.3601,2.08266,100,"ps.",100,NA,NA,"nicanees",NA,NA,NA,NA,NA,NA,"Mid-range",7,700,"WIC_176","Netherlands","Benin"
"177","WIC","Ship: Koningin Hester",1713,"Vlissingen","Netherlands",51.455681,3.57649,1713,"Ouidah","Benin",6.3601,2.08266,32,"ps.",32,NA,NA,"nicanees",NA,NA,NA,NA,NA,NA,"Mid-range",8,232,"WIC_177","Netherlands","Benin"
"178","WIC","Ship: Koningin Hester",1713,"Vlissingen","Netherlands",51.455681,3.57649,1713,"Ouidah","Benin",6.3601,2.08266,280,"ps.",280,NA,NA,"nicanees",NA,NA,NA,NA,NA,NA,"Mid-range",8,2030,"WIC_178","Netherlands","Benin"
"179","WIC","Ship: Koningin Hester",1713,"Vlissingen","Netherlands",51.455681,3.57649,1713,"Ouidah","Benin",6.3601,2.08266,100,"ps.",100,NA,NA,"nicanees",NA,NA,NA,NA,NA,NA,"Mid-range",8,775,"WIC_179","Netherlands","Benin"
"180","WIC","Ship: Koningin Hester",1713,"Vlissingen","Netherlands",51.455681,3.57649,1713,"Ouidah","Benin",6.3601,2.08266,240,"ps.",240,NA,NA,"nicanees",NA,NA,NA,NA,NA,NA,"Mid-range",7,1485,"WIC_180","Netherlands","Benin"
"181","WIC","Ship: Koningin Hester",1713,"Vlissingen","Netherlands",51.455681,3.57649,1713,"Ouidah","Benin",6.3601,2.08266,120,"ps.",120,NA,NA,"nicanees",NA,NA,NA,NA,NA,NA,"Mid-range",4,390,"WIC_181","Netherlands","Benin"
"182","WIC","Ship: Bosbeek",1713,"Texel","Netherlands",53.053921,4.79605,1713,"Elmina","Ghana",5.0847,-1.35093,85,"ps.",85,NA,NA,"nicanees",NA,NA,NA,NA,NA,"coarse","Mid-range",4,318.75,"WIC_182","Netherlands","Ghana"
"183","WIC","Ship: Bosbeek",1713,"Texel","Netherlands",53.053921,4.79605,1713,"Elmina","Ghana",5.0847,-1.35093,438,"ps.",438,NA,NA,"nicanees",NA,NA,NA,NA,NA,"fine","Mid-range",6,2299.5,"WIC_183","Netherlands","Ghana"
"184","WIC","Ship: Bosbeek",1713,"Texel","Netherlands",53.053921,4.79605,1713,"Elmina","Ghana",5.0847,-1.35093,83,"ps.",83,NA,NA,"nicanees",NA,NA,NA,NA,NA,NA,"Mid-range",7,518.75,"WIC_184","Netherlands","Ghana"
"185","WIC","Ship: Bosbeek",1713,"Texel","Netherlands",53.053921,4.79605,1713,"Elmina","Ghana",5.0847,-1.35093,150,"ps.",150,NA,NA,"nicanees",NA,NA,NA,NA,NA,NA,"Mid-range",7,937.5,"WIC_185","Netherlands","Ghana"
"186","WIC","Ship: Bosbeek",1713,"Texel","Netherlands",53.053921,4.79605,1713,"Elmina","Ghana",5.0847,-1.35093,500,"ps.",500,NA,NA,"nicanees",NA,NA,NA,NA,NA,NA,"Mid-range",6,2625,"WIC_186","Netherlands","Ghana"
"187","WIC","Ship: Guntersteijn",1713,"Texel","Netherlands",53.053921,4.79605,1714,"Ardra","Benin",6.47216,2.62652,315,"ps.",315,NA,NA,"nicanees",NA,NA,NA,NA,NA,"coarse","Mid-range",4,1181.25,"WIC_187","Netherlands","Benin"
"188","WIC","Ship: Guntersteijn",1713,"Texel","Netherlands",53.053921,4.79605,1714,"Ardra","Benin",6.47216,2.62652,767,"ps.",767,NA,NA,"nicanees",NA,NA,NA,NA,NA,NA,"Mid-range",7,4793.75,"WIC_188","Netherlands","Benin"
"189","WIC","Ship: Apam",1714,"Vlissingen","Netherlands",51.455681,3.57649,NA,"Elmina","Ghana",5.0847,-1.35093,360,"ps.",360,NA,NA,"nicanees",NA,NA,NA,NA,NA,"fine","Mid-range",9,2975,"WIC_189","Netherlands","Ghana"
"190","WIC","Ship: Jacoba Galeij",1714,"Texel","Netherlands",53.053921,4.79605,NA,"Elmina","Ghana",5.0847,-1.35093,360,"ps.",360,NA,NA,"nicanees",NA,NA,NA,NA,NA,"coarse","Mid-range",5,1620,"WIC_190","Netherlands","Ghana"
"191","WIC","Ship: Jacoba Galeij",1714,"Texel","Netherlands",53.053921,4.79605,NA,"Elmina","Ghana",5.0847,-1.35093,720,"ps.",720,NA,NA,"nicanees",NA,NA,NA,NA,NA,"fine","Mid-range",8,5130,"WIC_191","Netherlands","Ghana"
"192","WIC","Ship: Jacoba Galeij",1714,"Texel","Netherlands",53.053921,4.79605,NA,"Elmina","Ghana",5.0847,-1.35093,600,"ps.",600,NA,NA,"nicanees",NA,NA,NA,NA,NA,NA,"Mid-range",8,4650,"WIC_192","Netherlands","Ghana"
"193","WIC","Ship: Adrichem",1714,"Vlissingen","Netherlands",51.455681,3.57649,1715,"Loanda","Angola",-8.838333,13.234444,150,"ps.",150,NA,NA,"nicanees",NA,NA,NA,NA,NA,NA,"Mid-range",9,1237.5,"WIC_193","Netherlands","Angola"
"194","WIC","Ship: Agatha",1714,"Vlissingen","Netherlands",51.455681,3.57649,1714,"Elmina","Ghana",5.0847,-1.35093,240,"ps.",240,NA,NA,"nicanees",NA,NA,NA,NA,NA,"coarse","Mid-range",5,1080,"WIC_194","Netherlands","Ghana"
"195","WIC","Ship: Agatha",1714,"Vlissingen","Netherlands",51.455681,3.57649,1714,"Elmina","Ghana",5.0847,-1.35093,360,"ps.",360,NA,NA,"nicanees",NA,NA,NA,NA,NA,"fine","Mid-range",7,2475,"WIC_195","Netherlands","Ghana"
"196","WIC","Ship: Agatha",1714,"Vlissingen","Netherlands",51.455681,3.57649,1714,"Elmina","Ghana",5.0847,-1.35093,500,"ps.",500,NA,NA,"nicanees",NA,NA,NA,NA,NA,NA,"Mid-range",8,3875,"WIC_196","Netherlands","Ghana"
"197","WIC","Ship: Honard",1710,"Hellevoetsluis","Netherlands",51.833698,4.13838,1711,"Ouidah","Benin",6.3601,2.08266,1115,"ps.",1115,NA,NA,"perpetuanen","blue",NA,"dyed",NA,NA,NA,"Mid-range",4,4376.375,"WIC_197","Netherlands","Benin"
"198","WIC","Ship: Honard",1710,"Hellevoetsluis","Netherlands",51.833698,4.13838,1711,"Ouidah","Benin",6.3601,2.08266,647,"ps.",647,NA,NA,"perpetuanen","green",NA,NA,NA,NA,NA,"Mid-range",5,3089.425,"WIC_198","Netherlands","Benin"
"199","WIC","Ship: Eva Maria 2",1711,"Texel","Netherlands",53.053921,4.79605,1711,"Elmina","Ghana",5.0847,-1.35093,91,"ps.",91,NA,NA,"perpetuanen","blue",NA,NA,NA,NA,NA,"Mid-range",7,591.5,"WIC_199","Netherlands","Ghana"
"200","WIC","Ship: Accra",1711,"Texel","Netherlands",53.053921,4.79605,1711,"Elmina","Ghana",5.0847,-1.35093,680,"ps.",680,NA,NA,"perpetuanen","blue",NA,"dyed",NA,NA,NA,"Mid-range",4,2635,"WIC_200","Netherlands","Ghana"
"201","WIC","Ship: Accra",1711,"Texel","Netherlands",53.053921,4.79605,1711,"Elmina","Ghana",5.0847,-1.35093,113,"ps.",113,NA,NA,"perpetuanen","green",NA,"dyed",NA,NA,NA,"Mid-range",6,587.6,"WIC_201","Netherlands","Ghana"
"202","WIC","Ship: Accra",1711,"Texel","Netherlands",53.053921,4.79605,1711,"Elmina","Ghana",5.0847,-1.35093,340,"ps.",340,NA,NA,"perpetuanen","green",NA,"dyed",NA,NA,NA,"Mid-range",5,1428,"WIC_202","Netherlands","Ghana"
"203","WIC","Ship: Adrichem",1711,"Vlissingen","Netherlands",51.455681,3.57649,1711,"Ouidah","Benin",6.3601,2.08266,183,"ps.",183,NA,NA,"perpetuanen","blue",NA,NA,NA,NA,NA,"Mid-range",5,878.4,"WIC_203","Netherlands","Benin"
"204","WIC","Ship: Adrichem",1711,"Vlissingen","Netherlands",51.455681,3.57649,1711,"Ouidah","Benin",6.3601,2.08266,602,"ps.",602,NA,NA,"perpetuanen","blue",NA,NA,NA,NA,NA,"Mid-range",4,2076.9,"WIC_204","Netherlands","Benin"
"205","WIC","Ship: Adrichem",1711,"Vlissingen","Netherlands",51.455681,3.57649,1711,"Ouidah","Benin",6.3601,2.08266,995,"ps.",995,NA,NA,"perpetuanen","blue",NA,NA,NA,NA,NA,"Mid-range",4,3432.75,"WIC_205","Netherlands","Benin"
"206","WIC","Ship: Adrichem",1711,"Vlissingen","Netherlands",51.455681,3.57649,1711,"Ouidah","Benin",6.3601,2.08266,37,"ps.",37,NA,NA,"perpetuanen","blue",NA,NA,NA,NA,NA,"Mid-range",7,240.5,"WIC_206","Netherlands","Benin"
"207","WIC","Ship: Adrichem",1711,"Vlissingen","Netherlands",51.455681,3.57649,1711,"Ouidah","Benin",6.3601,2.08266,91,"ps.",91,NA,NA,"perpetuanen","green",NA,NA,NA,NA,NA,"Mid-range",5,436.8,"WIC_207","Netherlands","Benin"
"208","WIC","Ship: Adrichem",1711,"Vlissingen","Netherlands",51.455681,3.57649,1711,"Ouidah","Benin",6.3601,2.08266,575,"ps.",575,NA,NA,"perpetuanen","green",NA,NA,NA,NA,NA,"Mid-range",4,1983.75,"WIC_208","Netherlands","Benin"
"209","WIC","Ship: St. Clara 2",1712,"Texel","Netherlands",53.053921,4.79605,1712,"Ouidah","Benin",6.3601,2.08266,1165,"ps.",1165,NA,NA,"perpetuanen","blue",NA,NA,NA,NA,NA,"Mid-range",6,6116.25,"WIC_209","Netherlands","Benin"
"210","WIC","Ship: St. Clara 2",1712,"Texel","Netherlands",53.053921,4.79605,1712,"Ouidah","Benin",6.3601,2.08266,270,"ps.",270,NA,NA,"perpetuanen","blue",NA,NA,NA,NA,NA,"Mid-range",4,1080,"WIC_210","Netherlands","Benin"
"211","WIC","Ship: St. Clara 2",1712,"Texel","Netherlands",53.053921,4.79605,1712,"Ouidah","Benin",6.3601,2.08266,549,"ps.",549,NA,NA,"perpetuanen","green",NA,NA,NA,NA,NA,"Mid-range",6,2882.25,"WIC_211","Netherlands","Benin"
"212","WIC","Ship: St. Clara 2",1712,"Texel","Netherlands",53.053921,4.79605,1712,"Ouidah","Benin",6.3601,2.08266,90,"ps.",90,NA,NA,"perpetuanen","green",NA,NA,NA,NA,NA,"Mid-range",4,360,"WIC_212","Netherlands","Benin"
"213","WIC","Ship: Eva Maria 2",1712,"Vlissingen","Netherlands",51.455681,3.57649,1712,"Elmina","Ghana",5.0847,-1.35093,152,"ps.",152,NA,NA,"perpetuanen","blue",NA,NA,NA,NA,NA,"Mid-range",4,532,"WIC_213","Netherlands","Ghana"
"214","WIC","Ship: Eva Maria 2",1712,"Vlissingen","Netherlands",51.455681,3.57649,1712,"Elmina","Ghana",5.0847,-1.35093,152,"ps.",152,NA,NA,"perpetuanen",NA,NA,NA,NA,NA,NA,"Mid-range",4,532,"WIC_214","Netherlands","Ghana"
"215","WIC","Ship: Bosbeek",1712,"Texel","Netherlands",53.053921,4.79605,NA,"Elmina","Ghana",5.0847,-1.35093,300,"ps.",300,NA,NA,"perpetuanen","green and blue",NA,"dyed",NA,NA,NA,"Mid-range",6,1725,"WIC_215","Netherlands","Ghana"
"216","WIC","Ship: Bosbeek",1712,"Texel","Netherlands",53.053921,4.79605,NA,"Elmina","Ghana",5.0847,-1.35093,600,"ps.",600,NA,NA,"perpetuanen","green and blue",NA,"dyed",NA,NA,NA,"Mid-range",4,2400,"WIC_216","Netherlands","Ghana"
"217","WIC","Ship: Acredam",1712,"Texel","Netherlands",53.053921,4.79605,1713,"Ouidah","Benin",6.3601,2.08266,141,"ps.",141,NA,NA,"perpetuanen","blue",NA,NA,NA,NA,NA,"Mid-range",5,596,"WIC_217","Netherlands","Benin"
"218","WIC","Ship: Acredam",1712,"Texel","Netherlands",53.053921,4.79605,1713,"Ouidah","Benin",6.3601,2.08266,352,"ps.",352,NA,NA,"perpetuanen","blue",NA,NA,NA,NA,NA,"Mid-range",4,1232,"WIC_218","Netherlands","Benin"
"219","WIC","Ship: Acredam",1712,"Texel","Netherlands",53.053921,4.79605,1713,"Ouidah","Benin",6.3601,2.08266,131,"ps.",131,NA,NA,"perpetuanen","green",NA,NA,NA,NA,NA,"Mid-range",5,556.75,"WIC_219","Netherlands","Benin"
"220","WIC","Ship: Acredam",1712,"Texel","Netherlands",53.053921,4.79605,1713,"Ouidah","Benin",6.3601,2.08266,347,"ps.",347,NA,NA,"perpetuanen","green",NA,NA,NA,NA,NA,"Mid-range",4,1214.5,"WIC_220","Netherlands","Benin"
"221","WIC","Ship: Jacoba Galeij",1713,"Texel","Netherlands",53.053921,4.79605,NA,"Elmina","Ghana",5.0847,-1.35093,640,"ps.",640,NA,NA,"perpetuanen","blue",NA,NA,NA,"Scottish",NA,"Mid-range",4,2112,"WIC_221","Netherlands","Ghana"
"222","WIC","Ship: Jacoba Galeij",1713,"Texel","Netherlands",53.053921,4.79605,NA,"Elmina","Ghana",5.0847,-1.35093,160,"ps.",160,NA,NA,"perpetuanen","green",NA,NA,NA,"Scottish",NA,"Mid-range",4,584,"WIC_222","Netherlands","Ghana"
"223","WIC","Ship: St. Marcus",1713,"Texel","Netherlands",53.053921,4.79605,1713,"Ouidah","Benin",6.3601,2.08266,1356,"ps.",1356,NA,NA,"perpetuanen","blue",NA,"dyed",NA,NA,NA,"Mid-range",4,4474.8,"WIC_223","Netherlands","Benin"
"224","WIC","Ship: St. Marcus",1713,"Texel","Netherlands",53.053921,4.79605,1713,"Ouidah","Benin",6.3601,2.08266,555,"ps.",555,NA,NA,"perpetuanen","green",NA,"dyed",NA,NA,NA,"Mid-range",4,2025.75,"WIC_224","Netherlands","Benin"
"225","WIC","Ship: Koningin Hester",1713,"Vlissingen","Netherlands",51.455681,3.57649,1713,"Ouidah","Benin",6.3601,2.08266,1310,"ps.",1310,NA,NA,"perpetuanen","blue",NA,NA,NA,NA,NA,"Mid-range",4,4323,"WIC_225","Netherlands","Benin"
"226","WIC","Ship: Koningin Hester",1713,"Vlissingen","Netherlands",51.455681,3.57649,1713,"Ouidah","Benin",6.3601,2.08266,300,"ps.",300,NA,NA,"perpetuanen","green",NA,NA,NA,NA,NA,"Mid-range",4,1050,"WIC_226","Netherlands","Benin"
"227","WIC","Ship: Bosbeek",1713,"Texel","Netherlands",53.053921,4.79605,1713,"Elmina","Ghana",5.0847,-1.35093,729,"ps.",729,NA,NA,"perpetuanen","blue",NA,"dyed",NA,NA,NA,"Mid-range",5,2988.9,"WIC_227","Netherlands","Ghana"
"228","WIC","Ship: Bosbeek",1713,"Texel","Netherlands",53.053921,4.79605,1713,"Elmina","Ghana",5.0847,-1.35093,300,"ps.",300,NA,NA,"perpetuanen","green",NA,"dyed",NA,NA,NA,"Mid-range",5,1350,"WIC_228","Netherlands","Ghana"
"229","WIC","Ship: Bosbeek",1713,"Texel","Netherlands",53.053921,4.79605,1713,"Elmina","Ghana",5.0847,-1.35093,57,"ps.",57,NA,NA,"perpetuanen","green",NA,"dyed",NA,NA,NA,"Mid-range",5,270.75,"WIC_229","Netherlands","Ghana"
"230","WIC","Ship: Bosbeek",1713,"Texel","Netherlands",53.053921,4.79605,1713,"Elmina","Ghana",5.0847,-1.35093,109,"ps.",109,NA,NA,"perpetuanen",NA,NA,NA,NA,NA,NA,"Mid-range",5,517.75,"WIC_230","Netherlands","Ghana"
"231","WIC","Ship: Guntersteijn",1713,"Texel","Netherlands",53.053921,4.79605,1714,"Ardra","Benin",6.47216,2.62652,1481,"ps.",1481,NA,NA,"perpetuanen","blue",NA,NA,NA,NA,NA,"Mid-range",4,5257.55,"WIC_231","Netherlands","Benin"
"232","WIC","Ship: Guntersteijn",1713,"Texel","Netherlands",53.053921,4.79605,1714,"Ardra","Benin",6.47216,2.62652,560,"ps.",560,NA,NA,"perpetuanen","green",NA,NA,NA,NA,NA,"Mid-range",5,2296,"WIC_232","Netherlands","Benin"
"233","WIC","Ship: Guntersteijn",1713,"Texel","Netherlands",53.053921,4.79605,1714,"Ardra","Benin",6.47216,2.62652,28,"ps.",28,NA,NA,"perpetuanen","purple",NA,NA,NA,NA,NA,"Mid-range",5,114.8,"WIC_233","Netherlands","Benin"
"234","WIC","Ship: Apam",1714,"Vlissingen","Netherlands",51.455681,3.57649,NA,"Elmina","Ghana",5.0847,-1.35093,1518,"ps.",1518,NA,NA,"perpetuanen","blue",NA,NA,NA,NA,NA,"Mid-range",4,5768.4,"WIC_234","Netherlands","Ghana"
"235","WIC","Ship: Apam",1714,"Vlissingen","Netherlands",51.455681,3.57649,NA,"Elmina","Ghana",5.0847,-1.35093,66,"ps.",66,NA,NA,"perpetuanen","dark green",NA,NA,NA,NA,NA,"Mid-range",5,267.3,"WIC_235","Netherlands","Ghana"
"236","WIC","Ship: Apam",1714,"Vlissingen","Netherlands",51.455681,3.57649,NA,"Elmina","Ghana",5.0847,-1.35093,66,"ps.",66,NA,NA,"perpetuanen","light green",NA,NA,NA,NA,NA,"Mid-range",5,267.3,"WIC_236","Netherlands","Ghana"
"237","WIC","Ship: Jacoba Galeij",1714,"Texel","Netherlands",53.053921,4.79605,NA,"Elmina","Ghana",5.0847,-1.35093,12,"ps.",12,NA,NA,"perpetuanen","blue",NA,NA,NA,NA,NA,"Mid-range",5,50.4,"WIC_237","Netherlands","Ghana"
"238","WIC","Ship: Jacoba Galeij",1714,"Texel","Netherlands",53.053921,4.79605,NA,"Elmina","Ghana",5.0847,-1.35093,148,"ps",148,NA,NA,"perpetuanen","green",NA,NA,NA,NA,NA,"Mid-range",5,680.8,"WIC_238","Netherlands","Ghana"
"239","WIC","Ship: Adrichem",1714,"Vlissingen","Netherlands",51.455681,3.57649,1715,"Loanda","Angola",-8.838333,13.234444,215,"ps.",215,NA,NA,"perpetuanen","blue",NA,NA,NA,NA,NA,"Mid-range",6,1128.25,"WIC_239","Netherlands","Angola"
"240","WIC","Ship: Adrichem",1714,"Vlissingen","Netherlands",51.455681,3.57649,1715,"Loanda","Angola",-8.838333,13.234444,527,"ps.",527,NA,NA,"perpetuanen","blue",NA,NA,NA,NA,NA,"Mid-range",4,2002.6,"WIC_240","Netherlands","Angola"
"241","WIC","Ship: Adrichem",1714,"Vlissingen","Netherlands",51.455681,3.57649,1715,"Loanda","Angola",-8.838333,13.234444,394,"ps.",394,NA,NA,"perpetuanen","green",NA,NA,NA,NA,NA,"Mid-range",5,1595.7,"WIC_241","Netherlands","Angola"
"242","WIC","Ship: Emmenes",1714,"Texel","Netherlands",53.053921,4.79605,1714,"Ouidah","Benin",6.3601,2.08266,219,"ps.",219,NA,NA,"perpetuanen","blue",NA,NA,NA,NA,NA,"Mid-range",5,1085.05,"WIC_242","Netherlands","Benin"
"243","WIC","Ship: Eva Maria 2",1712,"Vlissingen","Netherlands",51.455681,3.57649,1712,"Elmina","Ghana",5.0847,-1.35093,85,"""schok""",340,NA,NA,"platilios",NA,NA,NA,NA,NA,NA,"Expensive",11,901,"WIC_243","Netherlands","Ghana"
"244","WIC","Ship: Eva Maria 2",1712,"Vlissingen","Netherlands",51.455681,3.57649,1712,"Elmina","Ghana",5.0847,-1.35093,212,"ps.",212,NA,NA,"platilios",NA,NA,NA,NA,NA,NA,"Inexpensive",3,561.8,"WIC_244","Netherlands","Ghana"
"245","WIC","Ship: Bosbeek",1712,"Texel","Netherlands",53.053921,4.79605,NA,"Elmina","Ghana",5.0847,-1.35093,88,"schok",352,NA,NA,"platilios",NA,NA,NA,NA,NA,NA,"Expensive",11,946,"WIC_245","Netherlands","Ghana"
"246","WIC","Ship: Acredam",1712,"Texel","Netherlands",53.053921,4.79605,1713,"Ouidah","Benin",6.3601,2.08266,396,"schok",1584,NA,NA,"platilios",NA,NA,NA,NA,NA,NA,"Expensive",11,4356,"WIC_246","Netherlands","Benin"
"247","WIC","Ship: Acredam",1712,"Texel","Netherlands",53.053921,4.79605,1713,"Ouidah","Benin",6.3601,2.08266,212,"schok",212,NA,NA,"platilios",NA,NA,NA,NA,NA,NA,"Inexpensive",3,561.8,"WIC_247","Netherlands","Benin"
"248","WIC","Ship: Jacoba Galeij",1713,"Texel","Netherlands",53.053921,4.79605,NA,"Elmina","Ghana",5.0847,-1.35093,87.5,"schok",350,NA,NA,"platilios",NA,NA,NA,NA,NA,NA,"Mid-range",10,875,"WIC_248","Netherlands","Ghana"
"249","WIC","Ship: St. Marcus",1713,"Texel","Netherlands",53.053921,4.79605,1713,"Ouidah","Benin",6.3601,2.08266,88,"schok",352,NA,NA,"platilios",NA,NA,NA,NA,NA,NA,"Expensive",11,946,"WIC_249","Netherlands","Benin"
"250","WIC","Ship: St. Marcus",1713,"Texel","Netherlands",53.053921,4.79605,1713,"Ouidah","Benin",6.3601,2.08266,88,"schok",352,NA,NA,"platilios",NA,NA,NA,NA,NA,NA,"Expensive",11,902,"WIC_250","Netherlands","Benin"
"251","WIC","Ship: St. Marcus",1713,"Texel","Netherlands",53.053921,4.79605,1713,"Ouidah","Benin",6.3601,2.08266,88,"schok",352,NA,NA,"platilios",NA,NA,NA,NA,NA,NA,"Expensive",12,1012,"WIC_251","Netherlands","Benin"
"252","WIC","Ship: St. Marcus",1713,"Texel","Netherlands",53.053921,4.79605,1713,"Ouidah","Benin",6.3601,2.08266,88,"schok",352,NA,NA,"platilios",NA,NA,NA,NA,NA,NA,"Expensive",12,1056,"WIC_252","Netherlands","Benin"
"253","WIC","Ship: Koningin Hester",1713,"Vlissingen","Netherlands",51.455681,3.57649,1713,"Ouidah","Benin",6.3601,2.08266,167,"schok",668,NA,NA,"platilios",NA,NA,NA,NA,NA,NA,"Mid-range",10,1661.65,"WIC_253","Netherlands","Benin"
"254","WIC","Ship: Koningin Hester",1713,"Vlissingen","Netherlands",51.455681,3.57649,1713,"Ouidah","Benin",6.3601,2.08266,466,"schok",1864,NA,NA,"platilios",NA,NA,NA,NA,NA,NA,"Mid-range",10,4636.7,"WIC_254","Netherlands","Benin"
"255","WIC","Ship: Bosbeek",1713,"Texel","Netherlands",53.053921,4.79605,1713,"Elmina","Ghana",5.0847,-1.35093,88,"schok",352,NA,NA,"platilios",NA,NA,NA,NA,NA,NA,"Expensive",11,913,"WIC_255","Netherlands","Ghana"
"256","WIC","Ship: Guntersteijn",1713,"Texel","Netherlands",53.053921,4.79605,1714,"Ardra","Benin",6.47216,2.62652,83,"schok",332,NA,NA,"platilios",NA,NA,NA,NA,NA,NA,"Expensive",11,913,"WIC_256","Netherlands","Benin"
"257","WIC","Ship: Apam",1714,"Vlissingen","Netherlands",51.455681,3.57649,NA,"Elmina","Ghana",5.0847,-1.35093,173,"schok",692,NA,NA,"platilios",NA,NA,NA,NA,NA,NA,"Expensive",14,2335,"WIC_257","Netherlands","Ghana"
"258","WIC","Ship: Jacoba Galeij",1714,"Texel","Netherlands",53.053921,4.79605,NA,"Elmina","Ghana",5.0847,-1.35093,88,"schok",352,NA,NA,"platilios",NA,NA,NA,NA,NA,NA,"Expensive",14,1188,"WIC_258","Netherlands","Ghana"
"259","WIC","Ship: Agatha",1714,"Vlissingen","Netherlands",51.455681,3.57649,1714,"Elmina","Ghana",5.0847,-1.35093,88,"schok",352,NA,NA,"platilios",NA,NA,NA,NA,NA,NA,"Expensive",13,1100,"WIC_259","Netherlands","Ghana"
"260","WIC","Ship: Agatha",1714,"Vlissingen","Netherlands",51.455681,3.57649,1714,"Elmina","Ghana",5.0847,-1.35093,44,"schok",176,NA,NA,"platilios",NA,NA,NA,NA,NA,NA,"Expensive",13,550,"WIC_260","Netherlands","Ghana"
"261","WIC","Ship: Emmenes",1714,"Texel","Netherlands",53.053921,4.79605,1714,"Ouidah","Benin",6.3601,2.08266,132,"schok",528,NA,NA,"platilios",NA,NA,NA,NA,NA,NA,"Expensive",14,1749,"WIC_261","Netherlands","Benin"
"262","WIC","Ship: Emmenes",1714,"Texel","Netherlands",53.053921,4.79605,1714,"Ouidah","Benin",6.3601,2.08266,44,"schok",176,NA,NA,"platilios",NA,NA,NA,NA,NA,NA,"Expensive",14,583,"WIC_262","Netherlands","Benin"
"263","WIC","Ship: Emmenes",1714,"Texel","Netherlands",53.053921,4.79605,1714,"Ouidah","Benin",6.3601,2.08266,352,"schok",1408,NA,NA,"platilios",NA,NA,NA,NA,NA,NA,"Expensive",14,4840,"WIC_263","Netherlands","Benin"
"264","WIC","Ship: Emmenes",1714,"Texel","Netherlands",53.053921,4.79605,1714,"Ouidah","Benin",6.3601,2.08266,44,"schok",176,NA,NA,"platilios",NA,NA,NA,NA,NA,NA,"Expensive",14,583,"WIC_264","Netherlands","Benin"
"265","WIC","Ship: Acredam",1714,"Texel","Netherlands",53.053921,4.79605,1715,"Ardra","Benin",6.47216,2.62652,220,"schok",880,NA,NA,"platilios",NA,NA,NA,NA,NA,NA,"Expensive",14,2970,"WIC_265","Netherlands","Benin"
"266","WIC","Ship: Acredam",1714,"Texel","Netherlands",53.053921,4.79605,1715,"Ardra","Benin",6.47216,2.62652,2,"ps.",2,NA,NA,"rokken",NA,NA,NA,NA,"Japan",NA,"Expensive",30,59,"WIC_266","Netherlands","Benin"
"267","WIC","Ship: Adrichem",1711,"Vlissingen","Netherlands",51.455681,3.57649,1711,"Ouidah","Benin",6.3601,2.08266,1,"ps.",1,NA,NA,"saai","blue",NA,NA,NA,"Leiden",NA,"Expensive",23,22.875,"WIC_267","Netherlands","Benin"
"268","WIC","Ship: Jacoba Galeij",1713,"Texel","Netherlands",53.053921,4.79605,NA,"Elmina","Ghana",5.0847,-1.35093,88,"ps.",88,NA,NA,"saai","blue",NA,NA,NA,"Bremen",NA,"Expensive",13,1134,"WIC_268","Netherlands","Ghana"
"269","WIC","Ship: St. Marcus",1713,"Texel","Netherlands",53.053921,4.79605,1713,"Ouidah","Benin",6.3601,2.08266,132,"ps.",132,NA,NA,"saai","blue",NA,"dyed",NA,"Bremen",NA,"Expensive",14,1782,"WIC_269","Netherlands","Benin"
"270","WIC","Ship: Koningin Hester",1713,"Vlissingen","Netherlands",51.455681,3.57649,1713,"Ouidah","Benin",6.3601,2.08266,167,"ps.",167,NA,NA,"saai","blue",NA,NA,NA,"Leiden",NA,"Expensive",19,3131.25,"WIC_270","Netherlands","Benin"
"271","WIC","Ship: Bosbeek",1713,"Texel","Netherlands",53.053921,4.79605,1713,"Elmina","Ghana",5.0847,-1.35093,83,"ps.",83,NA,NA,"saai",NA,NA,"dyed",NA,"Bremen",NA,"Expensive",16,1328,"WIC_271","Netherlands","Ghana"
"272","WIC","Ship: Guntersteijn",1713,"Texel","Netherlands",53.053921,4.79605,1714,"Ardra","Benin",6.47216,2.62652,170,"ps.",170,NA,NA,"saai",NA,NA,NA,NA,"Leiden",NA,"Expensive",16,2635,"WIC_272","Netherlands","Benin"
"273","WIC","Ship: Apam",1714,"Vlissingen","Netherlands",51.455681,3.57649,NA,"Elmina","Ghana",5.0847,-1.35093,70,"ps.",70,NA,NA,"saai","blue",NA,NA,NA,"Leiden",NA,"Expensive",20,1400,"WIC_273","Netherlands","Ghana"
"274","WIC","Ship: Apam",1714,"Vlissingen","Netherlands",51.455681,3.57649,NA,"Elmina","Ghana",5.0847,-1.35093,28,"ps.",28,NA,NA,"saai","blue",NA,NA,NA,"Leiden",NA,"Expensive",20,560,"WIC_274","Netherlands","Ghana"
"275","WIC","Ship: Jacoba Galeij",1714,"Texel","Netherlands",53.053921,4.79605,NA,"Elmina","Ghana",5.0847,-1.35093,140,"ps.",140,NA,NA,"saai",NA,NA,"dyed",NA,"Bremen",NA,"Expensive",16,2240,"WIC_275","Netherlands","Ghana"
"276","WIC","Ship: Adrichem",1714,"Vlissingen","Netherlands",51.455681,3.57649,1715,"Loanda","Angola",-8.838333,13.234444,27,"ps.",27,NA,NA,"saai","blue",NA,NA,NA,"Leiden",NA,"Expensive",20,540,"WIC_276","Netherlands","Angola"
"277","WIC","Ship: Adrichem",1714,"Vlissingen","Netherlands",51.455681,3.57649,1715,"Loanda","Angola",-8.838333,13.234444,24,"ps.",24,NA,NA,"saai","blue",NA,NA,NA,"Leiden",NA,"Expensive",21,504,"WIC_277","Netherlands","Angola"
"278","WIC","Ship: Agatha",1714,"Vlissingen","Netherlands",51.455681,3.57649,1714,"Elmina","Ghana",5.0847,-1.35093,51,"ps",51,NA,NA,"saai","blue",NA,NA,NA,"Leiden",NA,"Expensive",20,1020,"WIC_278","Netherlands","Ghana"
"279","WIC","Ship: Agatha",1714,"Vlissingen","Netherlands",51.455681,3.57649,1714,"Elmina","Ghana",5.0847,-1.35093,15,"ps.",15,NA,NA,"saai","blue",NA,NA,NA,"Leiden",NA,"Expensive",21,315,"WIC_279","Netherlands","Ghana"
"280","WIC","Ship: Emmenes",1714,"Texel","Netherlands",53.053921,4.79605,1714,"Ouidah","Benin",6.3601,2.08266,2442,"ps.",2442,NA,NA,"saai","blue",NA,NA,NA,"Scottish",NA,"Mid-range",4,8791.2,"WIC_280","Netherlands","Benin"
"281","WIC","Ship: Emmenes",1714,"Texel","Netherlands",53.053921,4.79605,1714,"Ouidah","Benin",6.3601,2.08266,422,"ps.",422,NA,NA,"saai","green",NA,NA,NA,"Scottish",NA,"Mid-range",4,1666.9,"WIC_281","Netherlands","Benin"
"282","WIC","Ship: Emmenes",1714,"Texel","Netherlands",53.053921,4.79605,1714,"Ouidah","Benin",6.3601,2.08266,175,"ps.",175,NA,NA,"saai",NA,NA,"dyed",NA,"Leiden",NA,"Expensive",16,2712.5,"WIC_282","Netherlands","Benin"
"283","WIC","Ship: Emmenes",1714,"Texel","Netherlands",53.053921,4.79605,1714,"Ouidah","Benin",6.3601,2.08266,113,"ps.",113,NA,NA,"saai",NA,NA,"dyed",NA,"Scottish",NA,"Mid-range",5,471.75,"WIC_283","Netherlands","Benin"
"284","WIC","Ship: Adrichem",1711,"Vlissingen","Netherlands",51.455681,3.57649,1711,"Ouidah","Benin",6.3601,2.08266,100,"ps.",100,NA,NA,"salempouris","white",NA,NA,NA,NA,NA,"Mid-range",9,837.5,"WIC_284","Netherlands","Benin"
"285","WIC","Ship: Acredam",1712,"Texel","Netherlands",53.053921,4.79605,1713,"Ouidah","Benin",6.3601,2.08266,100,"ps.",100,NA,NA,"salempouris","white",NA,NA,NA,NA,NA,"Mid-range",8,800,"WIC_285","Netherlands","Benin"
"286","WIC","Ship: Apam",1714,"Vlissingen","Netherlands",51.455681,3.57649,NA,"Elmina","Ghana",5.0847,-1.35093,160,"ps.",160,NA,NA,"salempouris","brown-blue",NA,NA,NA,NA,NA,"Expensive",11,1640,"WIC_286","Netherlands","Ghana"
"287","WIC","Ship: Adrichem",1714,"Vlissingen","Netherlands",51.455681,3.57649,1715,"Loanda","Angola",-8.838333,13.234444,240,"ps.",240,NA,NA,"salempouris","brown-blue",NA,NA,NA,NA,NA,"Expensive",11,2430,"WIC_287","Netherlands","Angola"
"288","WIC","Ship: Emmenes",1714,"Texel","Netherlands",53.053921,4.79605,1714,"Ouidah","Benin",6.3601,2.08266,160,"ps.",160,NA,NA,"salempouris","brown-blue",NA,NA,NA,NA,NA,"Expensive",11,1620,"WIC_288","Netherlands","Benin"
"289","WIC","Ship: Adrichem",1711,"Vlissingen","Netherlands",51.455681,3.57649,1711,"Ouidah","Benin",6.3601,2.08266,500,"ps.",500,NA,NA,"servietten",NA,NA,NA,NA,NA,NA,"Inexpensive",3,1075,"WIC_289","Netherlands","Benin"
"290","WIC","Ship: Acredam",1712,"Texel","Netherlands",53.053921,4.79605,1713,"Ouidah","Benin",6.3601,2.08266,500,"ps.",500,NA,NA,"servietten",NA,NA,NA,NA,NA,NA,"Inexpensive",3,1075,"WIC_290","Netherlands","Benin"
"291","WIC","Ship: St. Marcus",1713,"Texel","Netherlands",53.053921,4.79605,1713,"Ouidah","Benin",6.3601,2.08266,500,"ps.",500,NA,NA,"servietten",NA,NA,NA,NA,NA,NA,"Inexpensive",3,1087.5,"WIC_291","Netherlands","Benin"
"292","WIC","Ship: Koningin Hester",1713,"Vlissingen","Netherlands",51.455681,3.57649,1713,"Ouidah","Benin",6.3601,2.08266,750,"ps.",750,NA,NA,"servietten",NA,NA,NA,NA,"Silesian",NA,"Inexpensive",3,1687.5,"WIC_292","Netherlands","Benin"
"293","WIC","Ship: Guntersteijn",1713,"Texel","Netherlands",53.053921,4.79605,1714,"Ardra","Benin",6.47216,2.62652,649,"ps.",649,NA,NA,"servietten",NA,NA,NA,NA,NA,NA,"Inexpensive",3,1735,"WIC_293","Netherlands","Benin"
"294","WIC","Ship: Guntersteijn",1713,"Texel","Netherlands",53.053921,4.79605,1714,"Ardra","Benin",6.47216,2.62652,256,"ps.",256,NA,NA,"servietten",NA,NA,NA,NA,NA,NA,"Inexpensive",3,614.4,"WIC_294","Netherlands","Benin"
"295","WIC","Ship: Emmenes",1714,"Texel","Netherlands",53.053921,4.79605,1714,"Ouidah","Benin",6.3601,2.08266,408,"ps.",408,NA,NA,"servietten",NA,NA,NA,NA,NA,NA,"Inexpensive",3,1091.4,"WIC_295","Netherlands","Benin"
"296","WIC","Ship: Emmenes",1714,"Texel","Netherlands",53.053921,4.79605,1714,"Ouidah","Benin",6.3601,2.08266,60,NA,60,NA,NA,"servietten",NA,NA,NA,NA,NA,NA,"Inexpensive",3,150,"WIC_296","Netherlands","Benin"
"297","WIC","Ship: Emmenes",1714,"Texel","Netherlands",53.053921,4.79605,1714,"Ouidah","Benin",6.3601,2.08266,106,"ps.",106,NA,NA,"servietten",NA,NA,NA,NA,NA,NA,"Inexpensive",3,280.9,"WIC_297","Netherlands","Benin"
"298","WIC","Ship: Acredam",1714,"Texel","Netherlands",53.053921,4.79605,1715,"Ardra","Benin",6.47216,2.62652,500,"ps.",500,NA,NA,"servietten",NA,NA,NA,NA,NA,NA,"Inexpensive",3,1300,"WIC_298","Netherlands","Benin"
"299","WIC","Ship: Honard",1710,"Hellevoetsluis","Netherlands",51.833698,4.13838,1711,"Ouidah","Benin",6.3601,2.08266,25000,"ps.",25000,NA,NA,"slaaplakens",NA,NA,NA,NA,NA,NA,"Inexpensive",1,21263.1,"WIC_299","Netherlands","Benin"
"300","WIC","Ship: Africaanse Galeij",1710,"Texel","Netherlands",53.053921,4.79605,1711,"Elmina","Ghana",5.0847,-1.35093,5000,"ps.",5000,NA,NA,"slaaplakens",NA,NA,NA,NA,NA,NA,"Inexpensive",1,4250,"WIC_300","Netherlands","Ghana"
"301","WIC","Ship: Johanna Machteld",1710,"Texel","Netherlands",53.053921,4.79605,1711,"Loanda","Angola",-8.838333,13.234444,7000,"ps.",7000,NA,NA,"slaaplakens",NA,NA,NA,NA,NA,NA,"Inexpensive",1,10,"WIC_301","Netherlands","Angola"
"302","WIC","Ship: Eva Maria 2",1711,"Texel","Netherlands",53.053921,4.79605,1711,"Elmina","Ghana",5.0847,-1.35093,2300,"ps.",2300,NA,NA,"slaaplakens",NA,NA,NA,NA,NA,NA,"Inexpensive",0,0,"WIC_302","Netherlands","Ghana"
"303","WIC","Ship: Accra",1711,"Texel","Netherlands",53.053921,4.79605,1711,"Elmina","Ghana",5.0847,-1.35093,7000,"ps.",7000,NA,NA,"slaaplakens",NA,NA,NA,NA,NA,NA,"Inexpensive",1,6387.5,"WIC_303","Netherlands","Ghana"
"304","WIC","Ship: Adrichem",1711,"Vlissingen","Netherlands",51.455681,3.57649,1711,"Ouidah","Benin",6.3601,2.08266,910,"ps.",910,NA,NA,"slaaplakens",NA,NA,NA,NA,NA,NA,"Inexpensive",1,773.5,"WIC_304","Netherlands","Benin"
"305","WIC","Ship: Adrichem",1711,"Vlissingen","Netherlands",51.455681,3.57649,1711,"Ouidah","Benin",6.3601,2.08266,68,"ps.",68,NA,NA,"slaaplakens",NA,NA,NA,NA,NA,NA,"Inexpensive",1,57.8,"WIC_305","Netherlands","Benin"
"306","WIC","Ship: Adrichem",1711,"Vlissingen","Netherlands",51.455681,3.57649,1711,"Ouidah","Benin",6.3601,2.08266,3600,"ps.",3600,NA,NA,"slaaplakens",NA,NA,NA,NA,NA,NA,"Inexpensive",1,3060,"WIC_306","Netherlands","Benin"
"307","WIC","Ship: St. Clara 2",1712,"Texel","Netherlands",53.053921,4.79605,1712,"Ouidah","Benin",6.3601,2.08266,4500,"ps.",4500,NA,NA,"slaaplakens",NA,NA,NA,NA,NA,NA,"Inexpensive",1,3886.75,"WIC_307","Netherlands","Benin"
"308","WIC","Ship: Eva Maria 2",1712,"Vlissingen","Netherlands",51.455681,3.57649,1712,"Elmina","Ghana",5.0847,-1.35093,2000,"ps.",2000,NA,NA,"slaaplakens",NA,NA,NA,NA,NA,NA,"Inexpensive",1,1750,"WIC_308","Netherlands","Ghana"
"309","WIC","Ship: Eva Maria 2",1712,"Vlissingen","Netherlands",51.455681,3.57649,1712,"Elmina","Ghana",5.0847,-1.35093,2000,"ps.",2000,NA,NA,"slaaplakens",NA,NA,NA,NA,NA,NA,"Inexpensive",1,1750,"WIC_309","Netherlands","Ghana"
"310","WIC","Ship: Bosbeek",1712,"Texel","Netherlands",53.053921,4.79605,NA,"Elmina","Ghana",5.0847,-1.35093,4500,"ps.",4500,NA,NA,"slaaplakens",NA,NA,NA,NA,NA,NA,"Inexpensive",1,4050,"WIC_310","Netherlands","Ghana"
"311","WIC","Ship: Bosbeek",1712,"Texel","Netherlands",53.053921,4.79605,NA,"Elmina","Ghana",5.0847,-1.35093,4500,"ps.",4500,NA,NA,"slaaplakens",NA,NA,NA,NA,NA,NA,"Inexpensive",1,4162.5,"WIC_311","Netherlands","Ghana"
"312","WIC","Ship: Acredam",1712,"Texel","Netherlands",53.053921,4.79605,1713,"Ouidah","Benin",6.3601,2.08266,4500,"ps",4500,NA,NA,"slaaplakens",NA,NA,NA,NA,NA,NA,"Inexpensive",1,3525,"WIC_312","Netherlands","Benin"
"313","WIC","Ship: Acredam",1712,"Texel","Netherlands",53.053921,4.79605,1713,"Ouidah","Benin",6.3601,2.08266,3500,"ps.",3500,NA,NA,"slaaplakens",NA,NA,NA,NA,NA,NA,"Inexpensive",1,3062.5,"WIC_313","Netherlands","Benin"
"314","WIC","Ship: Acredam",1712,"Texel","Netherlands",53.053921,4.79605,1713,"Ouidah","Benin",6.3601,2.08266,3500,"ps.",3500,NA,NA,"slaaplakens",NA,NA,NA,NA,NA,NA,"Inexpensive",1,3062.5,"WIC_314","Netherlands","Benin"
"315","WIC","Ship: Africaanse Galeij",1713,"Texel","Netherlands",53.053921,4.79605,NA,"Elmina","Ghana",5.0847,-1.35093,8000,"ps.",8000,NA,NA,"slaaplakens",NA,NA,NA,NA,NA,NA,"Inexpensive",1,6800,"WIC_315","Netherlands","Ghana"
"316","WIC","Ship: Jacoba Galeij",1713,"Texel","Netherlands",53.053921,4.79605,NA,"Elmina","Ghana",5.0847,-1.35093,16000,"ps.",16000,NA,NA,"slaaplakens",NA,NA,NA,NA,NA,NA,"Inexpensive",1,13600,"WIC_316","Netherlands","Ghana"
"317","WIC","Ship: St. Marcus",1713,"Texel","Netherlands",53.053921,4.79605,1713,"Ouidah","Benin",6.3601,2.08266,9100,"ps.",9100,NA,NA,"slaaplakens",NA,NA,NA,NA,NA,NA,"Inexpensive",1,7735,"WIC_317","Netherlands","Benin"
"318","WIC","Ship: Koningin Hester",1713,"Vlissingen","Netherlands",51.455681,3.57649,1713,"Ouidah","Benin",6.3601,2.08266,3700,"ps.",3700,NA,NA,"slaaplakens",NA,NA,NA,NA,NA,NA,"Inexpensive",1,3330,"WIC_318","Netherlands","Benin"
"319","WIC","Ship: Koningin Hester",1713,"Vlissingen","Netherlands",51.455681,3.57649,1713,"Ouidah","Benin",6.3601,2.08266,3500,"ps.",3500,NA,NA,"slaaplakens",NA,NA,NA,NA,NA,NA,"Inexpensive",1,3150,"WIC_319","Netherlands","Benin"
"320","WIC","Ship: Bosbeek",1713,"Texel","Netherlands",53.053921,4.79605,1713,"Elmina","Ghana",5.0847,-1.35093,8400,"ps.",8400,NA,NA,"slaaplakens",NA,NA,NA,NA,NA,NA,"Inexpensive",1,7140,"WIC_320","Netherlands","Ghana"
"321","WIC","Ship: Guntersteijn",1713,"Texel","Netherlands",53.053921,4.79605,1714,"Ardra","Benin",6.47216,2.62652,15000,"ps.",15000,NA,NA,"slaaplakens",NA,NA,NA,NA,NA,NA,"Inexpensive",1,12750,"WIC_321","Netherlands","Benin"
"322","WIC","Ship: Apam",1714,"Vlissingen","Netherlands",51.455681,3.57649,NA,"Elmina","Ghana",5.0847,-1.35093,2300,"ps.",2300,NA,NA,"slaaplakens",NA,NA,NA,NA,NA,NA,"Inexpensive",1,2170,"WIC_322","Netherlands","Ghana"
"323","WIC","Ship: Apam",1714,"Vlissingen","Netherlands",51.455681,3.57649,NA,"Elmina","Ghana",5.0847,-1.35093,8400,"ps.",8400,NA,NA,"slaaplakens",NA,NA,NA,NA,NA,NA,"Inexpensive",1,7245,"WIC_323","Netherlands","Ghana"
"324","WIC","Ship: Jacoba Galeij",1714,"Texel","Netherlands",53.053921,4.79605,NA,"Elmina","Ghana",5.0847,-1.35093,3000,"ps.",3000,NA,NA,"slaaplakens",NA,NA,NA,NA,NA,NA,"Inexpensive",1,2587.5,"WIC_324","Netherlands","Ghana"
"325","WIC","Ship: Jacoba Galeij",1714,"Texel","Netherlands",53.053921,4.79605,NA,"Elmina","Ghana",5.0847,-1.35093,1000,"ps.",1000,NA,NA,"slaaplakens",NA,NA,NA,NA,NA,NA,"Inexpensive",1,862.5,"WIC_325","Netherlands","Ghana"
"326","WIC","Ship: Adrichem",1714,"Vlissingen","Netherlands",51.455681,3.57649,1715,"Loanda","Angola",-8.838333,13.234444,1000,"ps.",1000,NA,NA,"slaaplakens",NA,NA,NA,NA,NA,NA,"Inexpensive",1,950,"WIC_326","Netherlands","Angola"
"327","WIC","Ship: Agatha",1714,"Vlissingen","Netherlands",51.455681,3.57649,1714,"Elmina","Ghana",5.0847,-1.35093,2000,"ps.",2000,NA,NA,"slaaplakens",NA,NA,NA,NA,NA,NA,"Inexpensive",1,1725,"WIC_327","Netherlands","Ghana"
"328","WIC","Ship: Agatha",1714,"Vlissingen","Netherlands",51.455681,3.57649,1714,"Elmina","Ghana",5.0847,-1.35093,1500,"ps.",1500,NA,NA,"slaaplakens",NA,NA,NA,NA,NA,NA,"Inexpensive",1,1350,"WIC_328","Netherlands","Ghana"
"329","WIC","Ship: Agatha",1714,"Vlissingen","Netherlands",51.455681,3.57649,1714,"Elmina","Ghana",5.0847,-1.35093,3400,"ps.",3400,NA,NA,"slaaplakens",NA,NA,NA,NA,NA,NA,"Inexpensive",1,3060,"WIC_329","Netherlands","Ghana"
"330","WIC","Ship: Emmenes",1714,"Texel","Netherlands",53.053921,4.79605,1714,"Ouidah","Benin",6.3601,2.08266,6700,"ps.",6700,NA,NA,"slaaplakens",NA,NA,NA,NA,NA,NA,"Inexpensive",1,6030,"WIC_330","Netherlands","Benin"
"331","WIC","Ship: Emmenes",1714,"Texel","Netherlands",53.053921,4.79605,1714,"Ouidah","Benin",6.3601,2.08266,6600,"ps.",6600,NA,NA,"slaaplakens",NA,NA,NA,NA,NA,NA,"Inexpensive",1,5940,"WIC_331","Netherlands","Benin"
"332","WIC","Ship: Emmenes",1714,"Texel","Netherlands",53.053921,4.79605,1714,"Ouidah","Benin",6.3601,2.08266,1000,"ps.",1000,NA,NA,"slaaplakens",NA,NA,NA,NA,NA,NA,"Inexpensive",1,900,"WIC_332","Netherlands","Benin"
"333","WIC","Ship: Adrichem",1714,"Vlissingen","Netherlands",51.455681,3.57649,1715,"Loanda","Angola",-8.838333,13.234444,100,"ps.",100,NA,NA,"snaphaan",NA,NA,NA,NA,NA,NA,"Mid-range",4,360,"WIC_333","Netherlands","Angola"
"334","WIC","Ship: Adrichem",1714,"Vlissingen","Netherlands",51.455681,3.57649,1715,"Loanda","Angola",-8.838333,13.234444,100,"ps.",100,NA,NA,"snaphaan",NA,NA,NA,NA,NA,NA,"Mid-range",4,360,"WIC_334","Netherlands","Angola"
"335","WIC","Ship: St Clara 2",1710,"Texel","Netherlands",53.053921,4.79605,1710,"Ouidah","Benin",6.3601,2.08266,200,"ps.",200,NA,NA,"tappseels",NA,NA,NA,NA,NA,NA,"Mid-range",8,1575,"WIC_335","Netherlands","Benin"
"336","WIC","Ship: Africaanse Galeij",1710,"Texel","Netherlands",53.053921,4.79605,1711,"Elmina","Ghana",5.0847,-1.35093,260,"ps.",260,NA,NA,"tappseels",NA,NA,NA,NA,NA,"fine","Mid-range",7,1690,"WIC_336","Netherlands","Ghana"
"337","WIC","Ship: Africaanse Galeij",1710,"Texel","Netherlands",53.053921,4.79605,1711,"Elmina","Ghana",5.0847,-1.35093,330,"ps.",330,NA,NA,"tappseels",NA,NA,NA,NA,NA,NA,"Mid-range",5,1485,"WIC_337","Netherlands","Ghana"
"338","WIC","Ship: Africaanse Galeij",1710,"Texel","Netherlands",53.053921,4.79605,1711,"Elmina","Ghana",5.0847,-1.35093,14,"ps.",14,NA,NA,"tappseels",NA,NA,NA,NA,NA,NA,"Mid-range",6,73.5,"WIC_338","Netherlands","Ghana"
"339","WIC","Ship: Africaanse Galeij",1710,"Texel","Netherlands",53.053921,4.79605,1711,"Elmina","Ghana",5.0847,-1.35093,330,"ps.",330,NA,NA,"tappseels",NA,NA,NA,NA,NA,NA,"Mid-range",9,2846.4,"WIC_339","Netherlands","Ghana"
"340","WIC","Ship: Eva Maria 2",1711,"Texel","Netherlands",53.053921,4.79605,1711,"Elmina","Ghana",5.0847,-1.35093,208,"ps.",208,NA,NA,"tappseels",NA,NA,NA,NA,NA,NA,"Mid-range",9,1742,"WIC_340","Netherlands","Ghana"
"341","WIC","Ship: Eva Maria 2",1711,"Texel","Netherlands",53.053921,4.79605,1711,"Elmina","Ghana",5.0847,-1.35093,122,"ps.",122,NA,NA,"tappseels",NA,NA,NA,NA,NA,NA,"Mid-range",9,1021.75,"WIC_341","Netherlands","Ghana"
"342","WIC","Ship: Eva Maria 2",1711,"Texel","Netherlands",53.053921,4.79605,1711,"Elmina","Ghana",5.0847,-1.35093,110,"ps.",110,NA,NA,"tappseels",NA,NA,NA,NA,NA,NA,"Mid-range",7,715,"WIC_342","Netherlands","Ghana"
"343","WIC","Ship: Adrichem",1711,"Vlissingen","Netherlands",51.455681,3.57649,1711,"Ouidah","Benin",6.3601,2.08266,660,"ps.",660,NA,NA,"tappseels",NA,NA,NA,NA,NA,NA,"Mid-range",9,5544,"WIC_343","Netherlands","Benin"
"344","WIC","Ship: St. Clara 2",1712,"Texel","Netherlands",53.053921,4.79605,1712,"Ouidah","Benin",6.3601,2.08266,682,"ps.",682,NA,NA,"tappseels",NA,NA,NA,NA,NA,NA,"Mid-range",9,5711.75,"WIC_344","Netherlands","Benin"
"345","WIC","Ship: St. Clara 2",1712,"Texel","Netherlands",53.053921,4.79605,1712,"Ouidah","Benin",6.3601,2.08266,220,"ps.",220,NA,NA,"tappseels",NA,NA,NA,NA,NA,NA,"Mid-range",5,1072.5,"WIC_345","Netherlands","Benin"
"346","WIC","Ship: Eva Maria 2",1712,"Vlissingen","Netherlands",51.455681,3.57649,1712,"Elmina","Ghana",5.0847,-1.35093,166,"ps.",166,NA,NA,"tappseels",NA,NA,NA,NA,NA,NA,"Mid-range",10,1618.5,"WIC_346","Netherlands","Ghana"
"347","WIC","Ship: Bosbeek",1712,"Texel","Netherlands",53.053921,4.79605,NA,"Elmina","Ghana",5.0847,-1.35093,166,"ps.",166,NA,NA,"tappseels",NA,NA,NA,NA,NA,NA,"Mid-range",9,1390.25,"WIC_347","Netherlands","Ghana"
"348","WIC","Ship: Bosbeek",1712,"Texel","Netherlands",53.053921,4.79605,NA,"Elmina","Ghana",5.0847,-1.35093,80,"ps.",80,NA,NA,"tappseels",NA,NA,NA,NA,NA,NA,"Mid-range",6,420,"WIC_348","Netherlands","Ghana"
"349","WIC","Ship: Acredam",1712,"Texel","Netherlands",53.053921,4.79605,1713,"Ouidah","Benin",6.3601,2.08266,500,"ps.",500,NA,NA,"tappseels",NA,NA,NA,NA,NA,NA,"Mid-range",8,3875,"WIC_349","Netherlands","Benin"
"350","WIC","Ship: Acredam",1712,"Texel","Netherlands",53.053921,4.79605,1713,"Ouidah","Benin",6.3601,2.08266,160,"ps.",160,NA,NA,"tappseels",NA,NA,NA,NA,NA,NA,"Mid-range",5,780,"WIC_350","Netherlands","Benin"
"351","WIC","Ship: St. Marcus",1713,"Texel","Netherlands",53.053921,4.79605,1713,"Ouidah","Benin",6.3601,2.08266,227,"ps.",227,NA,NA,"tappseels",NA,NA,NA,NA,NA,NA,"Mid-range",9,1901.1,"WIC_351","Netherlands","Benin"
"352","WIC","Ship: Koningin Hester",1713,"Vlissingen","Netherlands",51.455681,3.57649,1713,"Ouidah","Benin",6.3601,2.08266,200,"ps.",200,NA,NA,"tappseels",NA,NA,NA,NA,NA,NA,"Mid-range",9,1625,"WIC_352","Netherlands","Benin"
"353","WIC","Ship: Bosbeek",1713,"Texel","Netherlands",53.053921,4.79605,1713,"Elmina","Ghana",5.0847,-1.35093,100,"ps.",100,NA,NA,"tappseels",NA,NA,NA,NA,NA,NA,"Mid-range",9,850,"WIC_353","Netherlands","Ghana"
"354","WIC","Ship: Adrichem",1714,"Vlissingen","Netherlands",51.455681,3.57649,1715,"Loanda","Angola",-8.838333,13.234444,100,"ps.",100,NA,NA,"tappseels",NA,NA,NA,NA,NA,NA,"Mid-range",10,925,"WIC_354","Netherlands","Angola"
"355","WIC","Ship: Nieuwe Post",1715,"Texel","Netherlands",53.053921,4.79605,1715,"Loanda","Angola",-8.838333,13.234444,55,"ps.",55,NA,NA,"tappseels",NA,NA,NA,NA,NA,NA,"Mid-range",4,212.5,"WIC_355","Netherlands","Angola"
